{
"apiVersion": "V2",
"assemblies": [
{
  "files": [
    {
      "filePath": "data_summary.tsv",
      "fileType": "DATA_TABLE",
      "uncompressedLengthBytes": "350"
    },
    {
      "filePath": "assembly_data_report.jsonl",
      "fileType": "DATA_REPORT",
      "uncompressedLengthBytes": "2838"
    }
  ]
},{
  "accession": "GCA_048164435.1",
  "files": [
    {
      "filePath": "GCA_048164435.1/genomic.gbff",
      "fileType": "GENBANK_FLAT_FILE",
      "uncompressedLengthBytes": "4454751"
    },
    {
      "filePath": "GCA_048164435.1/GCA_048164435.1_R6M8_genomic.fna",
      "fileType": "GENOMIC_NUCLEOTIDE_FASTA",
      "uncompressedLengthBytes": "3559696"
    }
  ]
}]}
