{
"apiVersion": "V2",
"assemblies": [
{
  "files": [
    {
      "filePath": "data_summary.tsv",
      "fileType": "DATA_TABLE",
      "uncompressedLengthBytes": "377"
    },
    {
      "filePath": "assembly_data_report.jsonl",
      "fileType": "DATA_REPORT",
      "uncompressedLengthBytes": "3332"
    }
  ]
},{
  "accession": "GCA_900624795.1",
  "files": [
    {
      "filePath": "GCA_900624795.1/genomic.gbff",
      "fileType": "GENBANK_FLAT_FILE",
      "uncompressedLengthBytes": "8722700"
    }
  ]
}]}
