samples,adolescentis,aerofaciens,bicirculans,bifidum,bolteae,caccae,catus,cellulosilyticus,champanellensis,cylindroides,distasonis,dorei,eligens,elsdenii,equolifaciens,fermentans,finegoldii,fragilis,hadrus,hallii,hominis,hypermegale,intestinalis,intestini,lactis,lenta,longum,muciniphila,obeum,ovatus,parainfluenzae,parvula,piger,plautii,pneumoniae,prausnitzii,pseudocatenulatum,ruminicola,ruminis,shahii,smithii,splanchnicus,sporogenes,thermophilus,thetaiotaomicron,torques,vulgatus,xylanisolvens
ERR260132,0.0570191906658332,0.0167794815576776,0,0,0,0.0202727908441737,0.0087276394056104,0.0068312120736202,0,0,0,0.0062609837638778,0,0,0,0,0,0,0.0101163303888439,0.0073121661533831,0,0,0.0116078167475682,0,0,0,0.021955306720252,0,0.0122687927454547,0,0,0,0,0,0,0.059363549279895,0,0,0,0,0,0,0,0,0,0.0098041306059449,0.0138121968359826,0
ERR260134,0.0071004882568848,0.0642301245424863,0,0,0,0,0.0082545632712992,0,0,0.0057622212394033,0,0,0,0,0.0113069043770428,0,0,0.109446165146727,0.010960020335351,0.0070042191853298,0,0,0,0,0,0,0.0077079487907,0,0.0119683648215505,0,0,0,0,0.007132180512163,0,0,0,0,0,0,0,0,0.0090060620284358,0.0810587505566818,0,0.0394763193276257,0,0
ERR260138,0,0.0342903317078891,0,0,0,0,0.0065494273558958,0.0060354368944412,0,0,0,0,0,0,0,0,0,0,0.119986541015491,0.0657088016150781,0,0,0.0057902182751597,0,0,0.0063063499386953,0.018275771533738,0.0202627051029434,0.0370290311315488,0,0,0,0,0,0,0.0162235822820626,0.0168888843572443,0,0,0,0.0314241797794052,0,0,0,0,0.0088537686431151,0,0
ERR260139,0.0396202557531319,0.023729761285832,0,0.0260395372626393,0,0,0.0126843630077003,0.0082869221212621,0,0,0,0,0,0,0,0,0,0,0.0827626437247429,0.0165944432527867,0.0070982995218492,0,0.0083708108442146,0,0,0,0.0137880520068287,0.00782851950883,0.034081958088179,0,0,0,0,0,0,0.009513906645584,0,0,0,0,0,0,0,0,0,0.0081957192569847,0,0
ERR260140,0,0.0127678436701772,0,0,0,0.0160674048819739,0,0,0,0,0,0.0704838082388857,0,0,0,0,0.0094112216962769,0.0213592018449284,0.0376041290978911,0.0225942503402361,0,0,0.0065551041213992,0,0,0,0.0077397942298345,0,0.0161552603410857,0.0245323236537147,0,0,0,0.0098271312511649,0,0.0279715478737077,0,0,0,0,0,0.0068036354407835,0.0055318144543424,0,0.035009585302307,0.0062935303421055,0.0095211768791241,0.0121296688610002
ERR260142,0.125874502418282,0.0255923672222674,0,0,0,0.0097164279783413,0,0.0185948013904873,0,0,0,0,0.0105875210989832,0,0,0,0,0,0.0378090405294492,0.0337430488990288,0.0064006224182478,0,0.0069603095895318,0,0,0,0.0070417109641043,0,0.018895663120341,0,0,0,0,0,0,0.0282036783298856,0,0,0,0.0168482568718084,0,0,0,0.0477819039261331,0,0,0.0112260790321587,0
ERR260143,0.0085040887243359,0.0096921427262229,0,0,0,0.0311108064262886,0.0158808725126867,0.0141998014663289,0,0,0,0.0146609480158405,0,0,0,0,0,0,0.0309315511525997,0.0306313180817188,0.0056601999047527,0,0,0,0,0,0.0151080455308395,0.0862615922421231,0.0135512043729961,0.0084455510805333,0,0,0,0,0,0,0,0,0,0,0.0599843041064417,0,0.0077355545030342,0,0,0.0181066038137145,0.0057856005461432,0
ERR260150,0,0,0.0134400207536624,0,0,0,0.0169463999931021,0,0,0,0,0.0435978363107366,0,0,0,0,0,0.0058308194135216,0.27128560615802,0.0171606095788499,0,0,0.0059202670984348,0,0,0.019127184036175,0,0,0.0143788840482838,0,0,0,0,0,0,0.0192071096288971,0,0,0,0.0166407933177406,0,0,0,0,0.0519340156499709,0.0746671485195209,0.0051611239217823,0
ERR260151,0,0,0,0,0,0.0094613407311518,0.0163864148131439,0.0063350554134984,0.0172345491140742,0,0,0.0104750057094056,0.0286508352004633,0,0,0,0,0,0.022429687337801,0.0082667142497223,0.0086937272851229,0,0.0275692745884599,0,0,0,0,0,0.0216446791426296,0.0124546403860063,0,0,0,0,0,0.0342962729786039,0,0,0,0,0.0201476084744973,0.0097853880740477,0,0,0.0065777402200828,0.0115422577374369,0.0377185495921492,0
ERR260152,0.0095643835456709,0.035259602342478,0,0,0,0,0.0206250714502441,0,0,0,0,0,0,0,0,0,0,0,0.0297463684264825,0.0271692167380261,0.0130117390057878,0,0.014968113229404,0,0,0,0,0.0085560320735868,0.0343987774055254,0,0,0,0,0,0,0.102639939184594,0,0,0,0,0.0217507850971837,0,0,0.0114475014657598,0,0.0384727404169222,0.009211029611009,0
ERR260154,0.0760766597482412,0.0094313054260222,0.0579838809671419,0.0054210625623332,0,0.010241030755546,0.0078650098385401,0,0,0,0,0,0,0,0,0,0,0,0.0131988463300898,0.0082372031591148,0,0,0.0118702929998113,0,0,0,0.0105292325938705,0,0.0120001078196178,0.0072672578775708,0,0,0,0,0,0.0545152160435591,0,0,0,0.0052129707000188,0,0,0,0.0249018032831074,0,0.0100439364942451,0.0276686703145637,0
ERR260158,0.0073799419801117,0,0.0466805188363055,0,0,0.0138583787041647,0.0253467656680874,0,0,0.0061291130060951,0,0.0134337807007449,0,0,0,0,0.022324566898554,0,0.0193807044193149,0.0083786658895978,0.026396522991446,0,0.0072801716559909,0,0,0,0.0086695563486715,0.0071293679179974,0.0075583037615963,0.0133949953062018,0,0,0,0,0,0.0215141562862576,0,0,0,0.0054924711680349,0.0505422172640425,0.010449856991616,0,0.0069481992987498,0,0.0117611605610716,0.0678785231236226,0.009755802562949
ERR260161,0,0.0078398113246281,0.228239227595713,0.0117617321035916,0,0,0.0091783525590155,0,0,0,0,0,0.015086485657974,0,0,0,0,0,0.131069232229222,0.0247009850268017,0.0067501369964459,0,0.0678220254013009,0,0,0,0.0076943450914969,0,0.0161302531099862,0,0,0,0,0,0,0.0119900070365355,0,0,0,0,0,0,0,0.0102158857438935,0,0.0056932083138171,0,0
ERR260162,0,0.0075309875687607,0,0,0,0.0072326893466572,0.007726245951978,0,0,0,0,0.0125081496225031,0.0214436356509186,0,0,0,0,0,0.0159881195910353,0.0128844139522065,0.0332666125742704,0,0.0079910773411646,0,0,0,0,0,0.0185452178878216,0,0,0,0,0,0,0.0387863701730494,0,0,0,0.0058951245528364,0,0,0,0.0118207598776381,0,0.0216709356233797,0,0
ERR260164,0,0.0190277701525977,0,0,0,0.0121882801019914,0,0.0367100258709139,0,0,0,0.060104131702345,0.0256733269022218,0,0.0082968262147056,0,0.0075997432042338,0,0.0170729570924735,0.0076417604836236,0,0,0.0251456591006398,0,0,0,0.0072247606192904,0,0.0063982605423228,0,0,0,0,0.0181991547892535,0,0.0662695184444799,0,0,0,0,0,0,0,0,0.0196277422885072,0.0073966757120799,0,0.0056172391224522
ERR260165,0,0,0,0,0.008467897699068,0,0.0098406217213234,0,0,0,0,0.0112058566859523,0.0292350544975687,0,0.0105013792516468,0,0,0,0.0090948532665903,0.0462730654119594,0,0,0.0144047975307969,0,0,0.0065163909664558,0,0.0270320571135775,0.0401162504150608,0.0214224493408263,0,0,0.0092964506016192,0,0,0.13864016727721,0,0,0,0.0059631115334219,0,0,0,0,0.0064494954652238,0.0302850406175113,0.0211831031072201,0.0059557236792768
ERR260166,0,0.0171626945177304,0,0,0,0.0114294663570325,0,0,0,0,0,0.0442505968417276,0.0053388848564059,0,0,0,0.0136312344989607,0,0.0216079797087332,0,0.010603248995133,0,0.0104225173271484,0,0,0,0,0.102897752708244,0.0073961541901788,0,0,0,0.0062647155433885,0,0,0.0174288708402379,0,0,0,0.0156402654581548,0.0493456940382669,0.0080483456671069,0,0,0.0073000019143928,0.0231027203739318,0.0546823075810716,0
ERR260167,0,0,0,0,0.0094371243826601,0.0168557093632973,0,0.0705136161211816,0,0,0,0.0336663535980249,0,0,0,0,0,0,0.0225393882398662,0.0057236091479103,0.0097092042518509,0,0.0232705648836168,0,0,0.0066222091628689,0.0076126960966504,0,0.0089775546607241,0,0,0,0,0.0051406001607615,0,0.0179327456669406,0,0,0,0,0,0,0,0,0.123783841158326,0,0.0573999339630335,0
ERR260172,0.0097775363902976,0.0314659513246285,0,0,0,0,0.0069274438988364,0,0,0,0,0.0057910758931224,0.0155740323835696,0,0,0,0,0,0.0129980950432628,0.0082061242777079,0.0052442016857252,0,0.0975618490175976,0,0,0,0.0165612318210652,0,0.0120983120927947,0.0175607075537712,0,0,0,0,0,0.227887276926397,0,0,0,0,0,0,0,0.010360266644838,0.0075770220552213,0.0193202944253992,0.0239934862440869,0
ERR260173,0.163202590857883,0.0580976938618979,0,0.0058557001755985,0,0.0130367841553041,0.0085844455215251,0,0,0,0,0.0290838537049678,0,0,0,0,0,0,0.0351320019862927,0.0161608861409133,0,0,0.0123050296532338,0.0107001859994895,0,0,0.0176654047784544,0.0141691255111717,0.019455861599025,0,0,0,0.0075697245489906,0,0,0.0816308639689658,0,0,0,0,0.0550744518007538,0,0,0,0,0.0161238586023501,0,0
ERR260174,0,0,0.205769158632402,0,0,0,0.0071693305068038,0.0101713507502277,0.0101593170977425,0,0,0.0067848177047368,0.0092239826557462,0,0,0,0,0,0.0055256087876499,0.0074612405924806,0.0055595474481746,0,0.0077715772085254,0,0,0,0,0.0312423702647695,0,0,0,0,0,0,0,0.114284631794207,0,0,0,0.0210767543020543,0.0100449033862228,0,0,0,0,0.0085001772613418,0.0376289492825734,0
ERR260177,0,0,0.0403338538443452,0,0,0,0.0109393714897828,0,0,0,0,0,0,0,0,0,0,0,0.0707881634537993,0.0170184166109657,0,0,0.0791303800352992,0,0,0,0.0374145322888044,0,0.0324228234263119,0.0050392301900707,0,0,0,0,0,0.0556089746949566,0,0,0,0,0,0,0,0.0322463973211186,0,0.0409631937788229,0.0079125551665117,0
ERR260180,0.0268282792770735,0.05494258901805,0.0064006938672814,0,0,0,0.042510800225172,0,0,0,0,0,0.0101015125385958,0,0,0,0,0,0.03491631465426,0.0215626211841042,0.0127782073131332,0,0.0166400011332649,0,0.0119969949159219,0,0,0,0.0303822886126663,0,0,0,0,0,0,0.0626785717447726,0,0,0,0,0.0100667419064512,0,0,0,0,0.0251884254360696,0,0
ERR260181,0,0.0112615025126056,0,0,0,0,0.0059195554773666,0,0,0,0,0.0093914722743218,0,0,0,0,0.0061627528093607,0.0090656918910892,0.0262750657590452,0.009044883563218,0.0303614193738774,0,0.141392114967903,0,0,0,0,0,0.012402650129721,0.018751081796591,0,0,0,0,0,0.0590245954435437,0,0,0,0,0,0,0,0.0051698054137594,0.065419786733556,0.0306767364786067,0.0677433439361222,0.0067732880657618
ERR260182,0,0.031664007935028,0.0651402861529906,0,0,0.0374271234067078,0.0126528911002098,0,0,0,0,0.0162103354884648,0.0437105078591344,0,0,0,0.0055242800188677,0,0.0118901666721247,0.0118031184316567,0.0084761750902115,0.0070736376760948,0.0368047369059536,0,0,0,0,0,0.0119832762987762,0.0096713625853024,0,0,0,0.0067977604188283,0,0.0376093859218076,0,0,0,0.0093097840622753,0,0,0,0,0.0552902810471146,0,0.0411538656785036,0.0081255407366823
ERR260185,0.0339905894645152,0.0598354425124388,0.0392239253893191,0,0,0.0077614993370229,0.0097549589673357,0.0051325465485063,0,0.0058554682137297,0,0,0,0,0,0,0,0,0.0760189523482355,0.0245977190216364,0.0058294638372829,0,0.0085773193953462,0,0,0,0,0.0146620744731267,0.0210557436090434,0,0,0,0.0079472961232227,0,0,0.069675139878886,0,0,0,0,0,0,0.0088974422364337,0,0,0.111244122002133,0.0106907578383692,0
ERR260186,0,0.0149856846629379,0,0,0,0.0128830561531398,0.006164529346601,0.0083757157401672,0,0,0,0,0.0181526501039572,0,0,0,0.0180728061540472,0,0.0084016543495632,0.0079568552328849,0.0054953559214856,0,0.0119153218618499,0,0,0,0.0102277111023866,0.0544940295298793,0.0373530919356116,0.0137807668733856,0,0,0,0,0,0.0547988882477178,0,0,0,0.0117848816121305,0.0264500162996941,0.0107366629114392,0,0.0096276005590784,0,0.015904103573401,0.0185137625137779,0.006851101921229
ERR260189,0.0361012640217076,0.0257408315036408,0.0270414510406747,0,0,0,0.0178961715041612,0.0211021222682633,0,0,0,0.0060154847254792,0.0101885444735248,0,0.0066100502462176,0,0.0785700251601125,0,0.0399229082120229,0.0136838401126058,0.0106174290179964,0,0.0228544253890101,0,0,0,0.0054418083768206,0,0.0273088324432954,0,0,0,0,0,0,0.0260567951521842,0,0,0,0,0.0277054879794155,0,0,0,0,0.0136051774588883,0,0.0129096277119815
ERR260194,0.0351610380621514,0.0955050065677144,0.0756044687225748,0.0161416255427685,0,0.008577989457241,0.0219392634599905,0,0,0,0,0,0,0,0,0,0.005384110911201,0,0.0199265410228809,0.02381684585278,0,0,0.0111579635687832,0,0,0,0.0175987977354291,0,0.017046383168296,0,0,0,0,0,0,0.0444887603176212,0,0,0.0135121689135834,0,0.0119339289845568,0,0,0,0,0.0361968058155342,0.0088785555999564,0
ERR260195,0.0090617191025234,0.0126728504763091,0,0,0,0.0087878502277775,0.0168493104701507,0,0,0,0,0,0.0181055245662156,0,0,0,0,0.0145955810442069,0.0414545810177399,0.0326207363118819,0,0,0.0395783290803235,0,0.062366252899266,0,0.0086614864511564,0,0.0264352052386581,0,0,0,0,0,0,0.102387097273964,0,0,0,0,0.0717346018556593,0,0.0055961562172591,0,0.0056221390627713,0.0252750147020946,0.0117616756579147,0
ERR260198,0.0155933645496387,0,0.0954848020406604,0,0,0,0.0070893637914416,0,0,0,0,0,0,0,0,0,0.0115500727244147,0.037675512951724,0.126448006066939,0.0173560194110025,0.0061087486521438,0,0.0249944459341385,0,0,0.013759607426959,0,0.0313203332286243,0.0267310441584213,0.0140716058526613,0,0,0,0.005198810012118,0,0.0910464030387829,0,0,0,0,0,0,0,0.0190871678811245,0.015274724236053,0.0081483191468001,0,0
ERR260199,0.0594849881155341,0.042850729455573,0,0,0,0,0,0,0,0.006680915172731,0,0,0,0,0,0,0.0182472685007946,0.0155566694851534,0,0.0123817406129245,0,0,0,0,0,0,0.0435078867133599,0.036898719011565,0.0068222067373767,0.0074229024537359,0,0,0.0101498571936135,0,0,0.0633371800627412,0,0,0,0.0160779059102839,0.0161723757088678,0.0075669482399147,0,0,0,0.0141839654730789,0.0251364028214245,0
ERR260200,0,0.0192355226416544,0,0.0052485378801044,0,0,0,0.0157103025880232,0,0,0,0.0107415990275382,0,0,0.0073501224693457,0,0.0173768457814024,0.0063537968959046,0.121214649424718,0.0146386236905773,0,0,0.0086776334025014,0,0,0,0,0.0327841195350665,0.0111379828988343,0,0,0,0,0,0,0.0642558449600166,0,0,0,0.0154315068287652,0.0118864387326702,0,0,0.0123601376530982,0.0056392673672102,0.0080323412312387,0,0
ERR260203,0.0105353426885653,0.0081130219490908,0.0520850238749558,0,0,0.0064869463138078,0,0.0089649422240495,0,0,0,0,0.0310395839193878,0,0,0,0,0,0,0.0065501725704888,0.007933261023233,0,0.0087696283152648,0,0.0085532389875864,0,0,0.0552243596679145,0.0088836835233952,0,0,0,0,0,0.0439237651382367,0.0319187782658559,0,0,0,0,0.008388692936331,0,0,0,0,0,0.0276200690281955,0
ERR260204,0,0.0160600243338839,0.0124246347515666,0,0.0126012334216233,0.114545711929989,0.0163174345553585,0.0142656405671728,0,0,0,0.0073145756348086,0,0,0.0077217415284911,0,0.0094169474820985,0,0.0331963116025609,0.0226939180548264,0.0105873021882977,0,0,0,0,0,0.0058043038084845,0.0380560244446466,0.0185381981510543,0.0067942453133538,0,0,0,0,0,0.0089234601584923,0,0,0,0,0.0201884774029993,0,0,0,0,0.0172881621249256,0.0584530295572488,0
ERR260206,0.0133485534322186,0.0264001514744925,0,0,0,0.0297287762032483,0.017562595608057,0,0,0,0,0,0,0,0,0,0.0172462972523453,0,0.0295296253866889,0.0116836961955656,0.0117531674106444,0,0.0140784098447523,0,0,0,0,0,0.0169024828467397,0.0166401268462657,0,0,0.0102893680435135,0,0,0.07623771142747,0,0,0,0.0330595804211045,0,0.0144630896709925,0,0.0103642879813436,0,0.0142339708793013,0.0405374075249586,0
ERR260214,0,0,0,0,0.0189163705394781,0,0,0,0,0,0,0,0,0,0,0,0,0,0.259731045417069,0.0066619639578279,0,0,0,0,0,0,0.0153083121487099,0.123291874196881,0.0129711981517173,0,0,0,0,0,0,0,0,0,0,0,0,0,0,0.006451656151365,0,0.0302746945549112,0,0
ERR260218,0.0104634387150103,0.0070461027828518,0,0,0,0.0168806700478606,0.0068541247844233,0.0719783555968284,0,0,0,0.0092921178043329,0.015791625422224,0,0,0,0.0051094210810976,0,0.021240675354362,0.007950504117641,0.0123347458491933,0,0.0280361224781362,0,0,0,0.0071803598216199,0.0169906906615779,0.0119619513638729,0.007975378343351,0,0,0,0,0,0.0422115610298695,0,0,0,0,0.016142415784801,0.0154803787005194,0,0.0253854229383732,0.0167499209127183,0.0079128738787464,0.0678147928933699,0.0084068504893206
ERR260222,0,0.0084376848921403,0,0,0,0,0,0.416065424817573,0,0,0,0,0.0063112785379551,0,0,0,0.0405869063494896,0.0136670509292738,0.0343099649233197,0.0133725441628084,0,0,0.0147542460626779,0,0,0,0,0,0.0120118260534743,0,0,0,0,0,0,0.0112049039265221,0,0,0,0,0,0.0052898228322423,0,0,0,0,0.0596781937622674,0
ERR260223,0.161833528173603,0.0080582511167384,0.113393475113061,0,0,0.0082717755560071,0.0064614107535331,0.0132338285700574,0,0,0,0.0153668233637354,0,0,0,0,0.0056536172427264,0,0.0236222893269275,0.0101329438027672,0,0,0.0271114173898503,0,0,0,0.0071915930985301,0,0.0077545552505265,0,0,0,0,0,0,0.0337154902138694,0,0,0,0.0071651603101747,0,0,0,0,0.0060253634789598,0.0168913016254853,0.0074701684424751,0.0091015026571513
ERR260227,0,0.0112216613013229,0,0,0,0,0.0091620574285084,0,0,0,0,0,0,0,0,0,0,0,0.0054864686234216,0.0184839375426263,0,0,0.0195836064099996,0,0,0,0,0.0282614232987069,0.0185244481539092,0,0,0,0,0,0.017176610171937,0.0235637462215531,0,0,0,0,0,0,0,0,0,0.0107943575932701,0,0
ERR260230,0,0,0.0193140326974179,0,0,0.0148047139656881,0.0061026469057147,0.0257151548271177,0,0,0,0.0628104632804046,0.0310541851578766,0,0,0,0.0080394025390774,0,0.0232144010200348,0.0052426496904676,0.0217001202091346,0,0.0194486989280225,0,0,0,0,0,0.0105616800859883,0.0065363597870254,0,0,0,0,0,0.0153127123207411,0,0,0,0.0255856314370029,0.0267145801623119,0.0105993942495805,0,0,0,0.0060136948127977,0.0117152001603042,0.0073277857957412
ERR260231,0.0057668383063234,0.0056797507876654,0.093888941735273,0,0,0.0053626101886042,0.0078320833035099,0,0,0,0,0.0345651482851888,0.0084872954074042,0,0,0,0,0,0.0472784309445501,0.0160640964137322,0.0059987602175991,0,0.0142001245015127,0,0,0,0.0125645237219112,0.0590199215502176,0.0190463767200486,0,0,0,0,0,0,0.0855664772108223,0,0,0,0,0,0.0065416555860569,0,0.0058843877682029,0.0124469742600317,0.0167469672145394,0.0281154391780583,0
ERR260235,0,0.0090218888615419,0.0984118554218088,0,0,0,0.0153315751545443,0.0074744410422591,0,0,0,0,0.008549485612387,0,0.0060654635229968,0,0,0.0063529582617586,0.0371049744188786,0.0167692599311279,0,0,0,0.0139403285883333,0,0,0.0345819020162204,0.0626293145846799,0.0211131323459444,0.036970936857121,0,0,0,0,0,0.0377278796861959,0.0505577017982986,0,0,0,0,0,0,0.006122666954865,0,0,0,0.0091818896045533
ERR260238,0.0079233132729765,0.0116065247908117,0,0,0,0,0,0,0,0,0,0,0,0,0,0,0,0,0.0103045402665056,0.0058237254616071,0,0,0.0531926700524676,0,0,0,0,0,0.005146794595813,0.0187776536577959,0,0,0,0,0,0.0127937336264758,0,0,0,0,0,0,0,0.0050888802575075,0,0,0.0332045014252894,0.0053789433434207
ERR260244,0,0,0,0,0,0,0,0.0119297630763415,0,0,0,0.0077727857650728,0,0,0.0189977512399124,0,0.0097593698897549,0,0.0586820099865666,0.0179162543715614,0.0122175007752605,0,0.033658752170225,0,0,0,0.0076113432221375,0.148326849845654,0.030833171330226,0,0,0,0,0,0,0.0232864051252626,0,0,0,0.0062604391102632,0,0,0.0061381800178528,0,0.0062564030466898,0.0090063076946879,0,0
ERR260245,0.0117938944394396,0.0158033183886233,0,0,0,0.0112937342136929,0.0113931846771844,0.0389485236258825,0.0275159852565173,0,0,0.0160477765454709,0.0216212674331525,0,0,0,0,0,0.0246406455401314,0.0134593504469552,0.008674678147864,0,0.0063117118720396,0,0,0,0.0141613195079742,0.0184436991152398,0.0364517935687537,0.0072577513688009,0,0,0.0071133252571027,0,0,0.0747619343948749,0,0,0,0.007992870584317,0.0235030718173865,0.0106210380961188,0,0.0066474783491688,0.0069371060147756,0.0395223508616229,0.0331321254657742,0
ERR260246,0,0.0114651992358895,0,0,0.0058844222502855,0,0,0,0,0.008263873112743,0,0.0185930586823658,0,0,0.0059981416647473,0,0.0360325276874639,0,0.102938761505073,0.0168729705609686,0.03038734904961,0,0.0103887341442083,0,0,0,0,0.0800406294415498,0.0137562453862971,0.0095837790732143,0,0,0.005116848993734,0.0158167047655124,0,0.0115341916372815,0,0,0,0.021319832508485,0,0,0,0,0,0.0099431691489065,0.0298457718151088,0
ERR260250,0,0,0.0180914141297086,0,0,0.107226136000637,0.0064794838179174,0.0080974653428231,0,0,0,0.0197877440009351,0.0165929705158294,0,0,0,0.0276821586455763,0.0260284039207427,0.0111336527057135,0.0106587760728685,0.0126462040604093,0,0.0138633745917573,0,0,0,0,0.125256836460045,0.0144402804215796,0.0175651450124602,0,0,0,0,0,0.0290987269779305,0,0,0,0.0345766871598397,0,0.0096930256367881,0,0,0.0142027161431855,0.0075460038312593,0,0
ERR260251,0.0164795816133042,0.0143772103730726,0.0400892170841664,0,0,0.0058369312467261,0.0102819999523213,0,0,0,0,0.062884771628877,0.0135631294469211,0,0,0,0.0060857945294534,0,0.0141736096032556,0.0090794023673099,0.0072370086923354,0,0.0250920230378137,0,0,0,0.008073318183546,0.0056270484911314,0.0147541295197277,0.0192868238730923,0,0,0,0,0,0.0594462703367209,0,0,0.0158480004278193,0.0060886939075046,0,0,0,0,0.008326047303675,0.017750475659077,0.0254563782129136,0
ERR260252,0.0187171765919247,0.0215287404805299,0.0759124037995092,0,0,0.0064535082591924,0.0123391249570639,0.0148905244181749,0,0,0,0.011237851617588,0.0067403149545195,0,0,0,0.0097900499891195,0,0.0134096434638739,0.0075705166293347,0.0103071603151083,0,0.0082056396853208,0,0,0,0.0260777736075973,0.0873310294625933,0.0069244863361821,0.0054879495592135,0,0,0.0061321917806994,0,0,0.0222883133245134,0,0,0,0.0324370504899585,0.0325395069964562,0.0080330907694912,0,0,0,0.0070500089671794,0.0324558252424579,0
ERR260258,0.0060994886702831,0.0128038777999844,0.0367494224829339,0,0,0,0.0088208269525268,0.0054922521867781,0,0,0,0,0,0,0.0087416616918005,0,0,0,0.0144598593194383,0.0090097853453422,0,0,0.0670119656344901,0,0,0,0.0081767332000934,0,0.0126789005113297,0,0,0,0,0,0,0.0855637604796636,0,0,0,0,0,0,0,0.0057232590131596,0.0134626365925195,0.0075532743270952,0,0
ERR260261,0.0055461121781851,0.0066327314283318,0.0746877380675137,0,0.0140192831242494,0.0315479056509173,0.0066957569574338,0.0480209513522201,0,0,0,0.0781566954411579,0.0070173349769244,0,0,0,0.0078020632865004,0,0.0105496538366488,0.0125995961259591,0.0110117290644042,0,0.0131439136219669,0,0,0,0,0.010974236265642,0.0085497019456881,0.0068835569082228,0,0,0,0,0,0.0105145127367338,0,0,0,0,0,0.0070370220558443,0,0,0.0297611520582942,0,0.0099348525666239,0
ERR260270,0,0.008699443947299,0.0121013361006035,0.0087169756283522,0,0,0,0.0305002758442157,0,0,0,0,0,0,0,0,0.0059749461087314,0,0.0652622422423244,0.0153976651530982,0.0054501147206065,0,0.0087594992802685,0,0,0,0.0092142039441806,0.0335739152458856,0.0096737577964691,0.0318349216912029,0,0,0,0,0,0.112061013234181,0,0,0,0.0089922603223367,0,0.0050565844331354,0,0,0.0063763097005029,0,0.0120289712894477,0.006892934769837
ERR260275,0.0065796821558113,0.0127764939876171,0.166569609657729,0.0068574589032599,0,0,0.0084025405444836,0.0059944551804745,0,0,0,0,0.0074274370067041,0,0,0,0,0.0087928292385991,0.0150955589103074,0.0135673746676673,0.0052538545645025,0,0.0220313228313939,0,0,0,0.0054174708385931,0.010846481364024,0.0203572439765926,0.0098586017443885,0,0,0,0,0,0.136432481086247,0,0,0,0,0,0,0,0.0076689461669487,0.0073322345902937,0.0059602482516344,0.0124055754821219,0
ERR260276,0,0.0194097979552376,0,0.0176335037602825,0.0188201064435723,0.0450215416604032,0,0,0,0,0,0.0360655534810493,0,0,0,0,0,0.0263682609308875,0.0828698354613711,0.0247402276100939,0,0,0.0076806868165657,0,0,0,0.0104618029708385,0,0.0126390461385262,0.0079741144249063,0,0,0,0,0,0,0,0,0,0,0,0,0,0.0104081712111418,0,0.0482291334422643,0,0.0075081885125411
ERR275251,0.0152701871090267,0.0241757084751901,0,0,0,0,0.0052788083222218,0,0.0091441626363248,0,0,0.0051086674033625,0.0072806993759015,0,0,0,0,0,0.0162566238809033,0.0107423456010803,0.0050089296233416,0,0.015251317799293,0,0,0,0.0064892983264825,0.0722528068891057,0.0122136760634243,0.0085072045085916,0,0,0,0,0,0.0438792319778668,0,0,0,0.0150642103582362,0.0065015078798396,0,0,0.0078401189115357,0,0.0093189019583965,0.0087552011508059,0
ERR321108,0,0,0,0,0,0,0,0.0778993930119494,0,0,0,0.0243769952261012,0.0173281115764605,0,0,0,0,0,0.0079549725671665,0,0.0072912700620899,0,0.0246396694880506,0,0,0,0,0,0,0,0,0,0,0,0,0.0071936443201343,0,0,0,0,0,0.0146165565936426,0,0,0.0404979034871915,0.0061702519720399,0.175818317273899,0.0067412100222586
ERR321144,0,0,0,0,0,0.0143209682799518,0,0.134564554334201,0,0,0,0.0392162327740516,0.0738429032208243,0,0,0,0.0072991314218234,0,0.0053353462338622,0,0.0094187838485325,0,0.0150679948638372,0,0,0,0,0.0231397165169033,0,0.0132325604886491,0,0,0,0,0,0.0118324182198506,0,0,0,0,0,0.0148157313715128,0,0,0.018836325019763,0.0054818046301801,0.0986522454557509,0.0081317252142242
ERR321148,0,0,0.0103561104836033,0,0,0,0,0.0283639182251429,0,0,0,0.0122101461522648,0.0067798476676163,0,0,0,0,0.0107324025525783,0.0100427463538468,0,0.010502162829019,0,0.0099887473789769,0,0,0,0,0.0451943782390084,0.0066433620697169,0.0247268534138301,0,0,0,0,0,0.0161237962639938,0,0,0,0,0,0.0301996707763288,0,0.0053618430913095,0,0.0083698411048275,0.126287870235786,0.0220891948263879
ERR321150,0,0,0,0,0,0.0460684573026683,0,0.0681896051744523,0,0,0.0065630885969867,0.0112439226494475,0.0425151341177003,0,0,0,0,0.0063994142887671,0,0,0.0065722978931014,0,0.0103077139785185,0,0,0,0,0,0,0.0067288559270506,0,0,0,0,0,0.0157202684677259,0,0,0,0,0,0.0145994552701348,0,0,0.028894585164117,0,0.0783173192743661,0.0139221534013384
ERR321168,0,0,0.0069961165965672,0,0,0.0521431295093733,0,0.0055710884012842,0,0.0096111642952676,0.0071193809594575,0.0399722136781971,0,0,0,0,0,0.0161107674300993,0.0057254568557449,0,0.00514484714643,0,0.0388017782324351,0,0,0,0,0,0.0062726584667065,0.0288680529875479,0,0,0,0,0,0,0,0,0,0,0,0.0241563591163212,0,0,0,0.0053072796246312,0.0645110379204956,0.0096491804071871
ERR321172,0,0,0.025467140303604,0,0,0.0500488570376056,0,0,0,0,0,0.0291973083526637,0.0081048760784958,0,0,0,0.012916500576256,0.0493730727423085,0.0061657127911705,0,0,0,0.0319599105203136,0,0,0,0,0,0.0062881703480364,0.0884738210436508,0,0,0,0,0,0.0079904815706416,0,0,0,0,0,0.0120552661536888,0,0,0.0110967712024173,0.0101715363283193,0.140592865915023,0.0138961610311833
ERR321182,0.0068956574707476,0,0,0,0,0,0,0.225859616897627,0,0,0,0,0.0053669461282652,0,0,0,0.0543067137767109,0.0656948938262588,0.0071081852296019,0,0.0150982366150099,0,0.0073653686265033,0,0,0,0,0.0741376210684639,0,0.0234873770915585,0,0,0,0,0,0.0177211764809009,0,0,0,0.0085823174589155,0,0.0074856080667267,0,0,0,0,0,0.0553984614313389
ERR321188,0,0,0,0,0,0,0,0,0,0,0.0072824769622024,0.0431161482097362,0.0305528389904146,0,0,0,0.0054015159001409,0,0.0091438446798674,0,0.0062519806315531,0,0.0074892009436609,0.0479185053174633,0,0,0,0,0,0.0126368552511867,0,0,0,0.0052646464508786,0,0.0159157588417096,0,0,0,0.0229054714840169,0,0.0127157965517986,0,0,0.0069775022972486,0,0.0734707820640822,0.0318920014856866
ERR321190,0,0,0.0311345342738245,0,0,0.0073786329898838,0,0.0582407974868536,0,0,0,0.0351667849321417,0,0,0,0,0.0050502623167012,0.006611489036821,0.0087704206924377,0,0,0,0.104826731385126,0,0,0,0,0.0080759809248707,0.0054194465175766,0,0,0,0,0,0,0.0279353970505672,0,0,0,0.0124590484108855,0,0.0154458894124951,0,0,0.0308656053182117,0,0.0904787517043392,0.0307841766304564
ERR321202,0,0,0.0247786488599624,0,0,0,0,0.02267242720722,0,0,0,0.121304074705169,0.0232322165082134,0,0,0,0.011444752023329,0,0.0118185852353171,0,0.0099232931132852,0,0.0316394296065915,0,0,0,0,0.0068573228854698,0,0.0337544880156295,0,0,0,0,0,0.038193613330439,0,0,0,0.0066337145305089,0,0.0216166269332806,0,0,0.0301583124100716,0.005119555549579,0.0387115240907266,0.0055506355740914
ERR321204,0,0,0,0,0,0.0337692612579933,0.0063748071745121,0.0056018940284978,0,0,0,0.0077148608779354,0.0056308955342744,0,0,0,0,0,0.0273387527787355,0.0061059678193767,0.013403759423763,0,0.0188284220280707,0,0,0,0,0,0.0120084647569559,0.00934354861504,0,0,0,0,0,0.0428568600760208,0,0,0,0,0.0217851945931986,0.0175270369990163,0,0,0.0100874602552777,0.0147175736695789,0.0577696184828898,0
ERR321208,0,0,0,0,0,0.0346427212849941,0,0.0545268812024592,0,0.0062315941911899,0.0057729948266621,0.181222354159246,0,0,0,0,0,0,0.0097601955192919,0,0,0,0.0417213094037928,0,0,0,0,0,0,0.0111442021742751,0,0,0,0,0,0.0215513619407459,0,0,0,0,0,0.0259625996341142,0,0,0,0.006896703679358,0.0185165703852818,0.0333706102827785
ERR321221,0,0,0,0,0,0.0165573421639158,0.005330269509477,0,0,0,0,0.130377776201481,0.0150440346901518,0,0,0,0,0,0.0160759285738286,0,0.0050142426742627,0,0.139758154537682,0,0,0,0,0,0,0.024659053151495,0.025059640031808,0.0126892334342578,0,0,0,0.0214101180853963,0,0,0,0,0,0.0058669364623661,0,0,0.0203539575221107,0.028999988799994,0.0127639001407467,0.007535550685627
ERR321229,0,0,0,0,0,0.0185887174085291,0,0,0,0,0,0.159633045890054,0.0821078044482226,0,0,0,0,0.0110200707224942,0.0072752743595923,0,0.0074826626708483,0,0.0288205585470293,0,0,0,0,0,0,0.02230836023863,0,0,0,0,0,0.0364420789856864,0,0,0,0.0097672707877906,0,0.026816489321427,0,0,0.0140841816875608,0.0069870354071907,0.0120572689474761,0
ERR321239,0,0,0.0505071958294305,0,0,0.0087186126095526,0,0.0533314580578009,0,0,0,0.0214567729399362,0.0350150961031423,0,0,0,0,0.0080514576686947,0.0094155584909652,0.0061322725867007,0.0065027340787688,0,0.0114962631622253,0,0,0,0,0,0,0.0059515003487769,0,0,0,0,0,0.0147319240934941,0,0,0,0.0121751723517374,0,0.0087565099284895,0,0,0.0078899380794287,0,0.13504557608586,0
ERR321243,0,0,0,0,0,0.0086880868596488,0,0.0090923237431698,0,0,0,0.0230747466888296,0.0089070042970062,0.0110682392884299,0,0,0,0,0.0073268377217025,0,0,0,0.0449679050768333,0,0,0,0,0,0,0.0200166221640643,0,0,0,0,0,0.0137688104542802,0,0,0,0.0066241092111545,0,0.0143495252073349,0,0,0.0592251242241517,0.0087821612349914,0.144366677865997,0.0129327509681526
ERR321247,0.0063101092363585,0.006031661384647,0.0247442960875302,0,0,0,0.0076322029706985,0.046634252699749,0,0,0,0.0562393518951955,0.0091611762024266,0,0,0,0,0.0307506310962934,0.0236682096784888,0.0089372227437685,0.0215323994066229,0,0.153084140765705,0,0,0,0.0086321679690779,0,0.0171855111502927,0,0,0,0,0,0,0.0373074590730034,0,0,0,0,0,0.0147181814637678,0,0,0.0154167910457318,0.0147315560667626,0.0076333412347831,0.0118164617459321
ERR321251,0,0,0,0,0,0.115902606570158,0,0,0,0,0,0.0909610805571359,0,0,0,0,0,0,0,0,0,0,0,0,0,0,0,0.0103502117706555,0,0.217124554860189,0,0,0,0,0,0,0,0,0,0,0,0,0,0,0,0,0.0096561097414501,0.0616288429525676
ERR321252,0,0,0.0266761853397886,0,0,0,0.0051810856305,0,0,0,0,0.0117354165154323,0,0,0,0,0,0.0070901644880751,0.0751306405226779,0.0077759335224895,0,0,0.042914192546487,0,0,0,0,0,0.0050971366340802,0.0729888648447879,0,0,0,0,0,0,0,0,0,0,0,0.0116881348967591,0.0089495122867632,0,0.0089698500630842,0.0432194076422238,0.0605460054603218,0.0168537074059048
ERR321292,0,0,0,0,0,0,0.0081773318650842,0,0,0,0,0.0057156840467742,0.0175636386941905,0.0340319169390502,0,0,0,0,0.0076500439892095,0.0175782046576125,0.0068605687717397,0,0.0098961155488746,0,0,0,0,0,0.0065546835398787,0,0,0,0,0,0,0.0619024313506144,0,0.0053631877319629,0,0,0.0220412158500988,0.014225119877879,0,0,0.0252602937663503,0.0153787441808976,0.0185949089044648,0
ERR321316,0,0,0.0697608454140976,0,0,0,0.0078439358593691,0.039129675860351,0,0.0068638984397586,0,0.0416006792986641,0.0052201993167011,0,0,0,0,0.0360841050294648,0.0553766598361028,0,0,0,0.0089039763336418,0,0,0,0.0050120095494555,0,0.0078721187536251,0,0,0,0,0,0,0.0114704379621767,0,0,0,0.005656579614858,0,0.0076139270772156,0,0,0.0104485807639928,0.0228435994828893,0.0372377854427169,0
ERR321358,0,0,0,0,0,0.0251209982444604,0,0,0,0,0,0.0531774356892949,0,0,0,0,0,0.0280909108057075,0.0083607656728582,0,0,0,0.0243707148148943,0,0,0,0,0.0062344747918426,0,0.062843310769543,0,0,0,0,0,0.0059834046541639,0,0,0,0,0,0,0,0,0.0210349293198536,0,0.170401172354446,0.0146206076547773
ERR321376,0,0,0,0,0,0,0,0,0,0,0.0096983984290875,0.0270380204932254,0,0,0,0,0.0050346798214998,0.0116406762868313,0.0051631449889635,0,0,0,0.0072633339626683,0,0,0,0,0,0,0.0657637730537238,0,0,0,0,0,0,0,0,0,0,0,0.0090933130560448,0,0,0.0597259101829286,0.0054925354520559,0.179428598482552,0.0100277888921799
ERR321393,0,0,0,0,0,0,0,0,0,0,0,0.0283928603440362,0,0,0,0,0.0108460879465965,0.0551466700348944,0,0,0.0118646972402407,0,0,0,0,0,0,0.0143121718835547,0,0.0261742376958954,0,0,0,0,0,0.022086643381819,0,0.008315147699581,0,0.009503895253381,0,0.0178412456258679,0,0,0.0579884477025908,0,0.149833257926478,0.0063646017687471
ERR321397,0,0,0,0,0,0.0315382976090633,0,0,0.0136543934665145,0,0,0.0108925797093479,0.0083748092337728,0.0165554150110679,0,0,0.0116418957007136,0,0,0,0,0,0.0098871901337769,0,0,0,0,0,0,0.0549956690910591,0,0,0,0,0,0.0281130985934858,0,0,0,0.0334528343392958,0.00568174006297,0.0339735745810017,0,0.0060890517371757,0.0341901200280478,0.0114459736295767,0.0414890764852268,0.0092650516271843
ERR321428,0,0,0.0076055282284312,0,0,0.0217019010234073,0,0,0,0,0,0.215797090273955,0,0,0,0,0,0,0.017763208624811,0,0,0,0.0116184611411879,0,0,0,0,0,0,0.0112770265060155,0,0,0,0.0051218781774133,0,0.0140547694150601,0,0,0,0.0131602967468667,0,0.0076711611467469,0,0,0.0230012893461276,0,0.0203408249304668,0.0242318169020904
ERR321432,0.0105230105098172,0,0,0,0,0.0079047915583713,0,0.0350065570915539,0,0,0,0.0126200924061755,0.0132916335733642,0,0,0,0,0,0.0205360983062386,0,0,0,0.011003907868246,0,0,0,0.0080894983627061,0,0,0.0527133429556783,0,0,0,0,0,0.0169171642755931,0,0,0,0.0075129492663181,0,0.0179640560558765,0,0,0.0404587061552223,0.0050352394195984,0.0871868889832946,0.008917380646421
ERR321441,0.0244151764287896,0.0062300150218471,0,0,0,0.006683475344848,0.0061365180480325,0,0.0220045127872695,0,0,0,0.0162326329371139,0,0,0.0195626834878111,0,0.0501237276620147,0,0,0.0094151452631315,0,0.0142162148685121,0,0,0,0,0,0.0054228244812476,0,0,0,0.0179997257422101,0,0,0.0531171891069792,0,0,0,0.0128838829916538,0.0620243341457182,0.0090302493875948,0,0,0,0.0059168001595681,0.0080235986361908,0
ERR321453,0,0,0,0,0,0.0203582854505229,0,0.0506016521559202,0,0,0.0065895236124596,0.007373422254763,0.0226144810352237,0,0,0,0.0065099399939516,0.0242889203686313,0,0,0.019290273290146,0,0.0104286373692839,0,0,0,0,0,0,0.0125113406656374,0,0,0.0050814140417336,0,0,0.0416301908415172,0,0,0,0.0099368106069046,0,0.0231962372865169,0,0,0.013656548935967,0.006673882248078,0.0628440001910007,0.0105328919095293
ERR321480,0,0,0,0,0.007527432292767,0.0612108993261112,0,0.0074866831587467,0,0,0,0.0349751272622136,0.0243548842081825,0,0,0,0.0144294381446337,0,0.0088430471911355,0,0.0230939653200614,0,0.127744290452066,0,0,0,0,0,0,0.0166579064113669,0,0,0,0,0,0.0155289371000733,0,0,0,0.0056304145715022,0,0.0098825139402059,0,0,0.0369396963752918,0,0.104254112569968,0
ERR321487,0,0,0.0102396018160429,0,0,0,0,0,0,0,0.0054994292620013,0.167879092987881,0.0181701169852372,0,0,0,0.005566117685015,0,0.0073412463503014,0,0,0,0.0668822925677442,0,0,0,0,0,0,0.0316896176601759,0,0,0,0,0,0.0058394050401352,0,0,0,0,0,0.0100851595390974,0,0,0.0282460392765523,0,0.0447080539676063,0.0265697041027912
ERR321493,0.0249395024544622,0.0069185580015435,0.0471484797873702,0.0067329744543868,0,0.0067833435276749,0.0058180063634891,0,0,0,0,0.0357794483753998,0.0080498019797484,0,0,0,0.0231526196374806,0,0.033700021308052,0.0062830163389201,0.0357074685311016,0,0.0129172707732065,0,0,0,0,0,0.0097402351689146,0.0210405661921098,0,0,0,0,0,0.108885995867213,0,0,0,0.005350725995773,0,0.0133615949522621,0,0,0.0107562777608012,0,0.0133211483341459,0
ERR321509,0,0,0.0263058640449155,0,0,0.0404533123070549,0,0,0,0,0,0.0570419471284132,0,0,0,0,0,0,0,0,0,0,0.0244823986588323,0,0,0,0,0,0,0.0285799986041877,0,0,0,0,0,0.0315913893232241,0,0,0,0.0056716010115184,0,0.0129825389825123,0,0,0,0.0096526357835778,0.145965582833291,0.0270215890580198
ERR321515,0,0,0.0397126734906361,0,0,0.006591601947665,0.0050169209604076,0.0060633661339101,0,0,0,0.0732036684156672,0.0608035833491206,0,0,0,0.0176840263284128,0,0.0090549433848358,0,0.030855092937313,0,0.0187331100424436,0,0,0,0,0,0.0079393684494933,0,0,0,0,0,0,0.0217948724714207,0,0,0,0.0181051373967209,0,0.0315485013881362,0,0,0.0109758008893992,0.0109678852678145,0.043083145161418,0.0090280302714477
ERR321519,0,0,0,0,0,0,0,0.0328257149025997,0,0,0,0.133840558792333,0,0,0,0,0,0.0052636879633768,0,0,0,0,0.0512100554056462,0,0,0,0,0,0,0.0185301891552601,0,0,0,0,0,0.0312355267106817,0,0,0,0,0,0.0051609539242887,0,0,0.0618516176905994,0.014658631629756,0.0143140515576669,0
ERR321528,0,0,0.0621246377367906,0,0,0,0,0.0661750762911925,0,0,0,0.0206583114216072,0.0115609465865689,0,0,0,0.0187252173579256,0,0.0105322150356026,0,0,0,0.0119140932383932,0,0,0,0,0,0,0.0488424850776347,0,0.0078344816997101,0,0,0,0.0275454388422932,0,0,0,0.0362934955760705,0,0.0178008943822813,0,0,0.0272268391455386,0.0124699153599601,0.105777402452834,0.0092693319002744
ERR321537,0,0,0,0,0,0,0,0,0,0,0,0.0260068403190851,0.0460918471712242,0,0,0,0,0,0.0093851013428245,0,0.0156559732505839,0,0.0098349576599684,0,0,0,0,0,0,0,0,0,0,0,0,0.0471007212302284,0,0,0,0,0,0.0158638666645344,0,0,0,0.0058745533594254,0.025776697442772,0
ERR321548,0.0343574117137791,0.0061448975149804,0.0318165238655399,0.0057773251488847,0,0.0207416707056649,0,0.0337286936006628,0,0,0,0.0093824791878741,0.0331874055273027,0,0,0,0,0,0,0,0,0,0.0199073470453033,0.0257179352808667,0,0,0.0118369287856387,0,0,0.0064531151071403,0,0,0,0,0,0.0868908878444246,0,0,0,0.0054889433423588,0,0.007281259157362,0,0,0.0262886718667449,0.0175915953640107,0.0651506379150514,0.0146889333023997
ERR321553,0.0060669585724262,0.0092903597622414,0.0059256485830345,0,0,0.0110324020504537,0.0084427128025146,0,0.0060177609725023,0,0,0.0161226498295868,0.0083944735973945,0,0,0,0.0075556651675242,0,0.0169173720984864,0.0069302593139469,0.0064123001666968,0,0.0095305973930383,0,0,0,0.0091009170560411,0.132741726869834,0.010137154815476,0,0,0,0,0,0,0.0629105257519619,0,0,0,0.0201047802390066,0.009608653325385,0.006200175450142,0,0,0.0355322743709682,0.0329959357671024,0.0190663062250298,0
ERR321560,0,0,0,0,0,0.0148979778124752,0,0.0162924549232234,0,0,0,0.0535098428873813,0,0,0,0,0,0.0071076632464339,0.0292637172337152,0,0.0119565230438921,0,0.0249211571649658,0,0,0,0,0.0219998479169767,0,0,0,0,0,0,0,0.0222054261698767,0,0,0,0.0098904589927229,0,0.0145913066233305,0,0,0.0320597171683728,0.0083260497186229,0.0361866784143931,0.0165886358283282
ERR321562,0,0,0,0,0.0062059289503636,0,0,0.0057628871393394,0,0,0.0052315927983481,0.12300010012383,0.0349066823821815,0,0,0,0.0056700946808233,0.0499178027531108,0.0168350059902517,0,0.0388511134113416,0,0.0314185448473774,0,0,0,0,0.014191448541505,0,0.0160369294966274,0,0,0,0,0,0,0,0,0,0,0,0.0101976304517793,0,0,0.0377091680053321,0,0.0257585729802103,0.0716466983430979
ERR321567,0,0,0,0,0,0,0,0,0,0,0,0.245011510821207,0,0,0,0,0,0.0166702705366424,0.0061905976956885,0,0,0,0.0264402275153561,0,0,0,0,0,0,0.0054778308701181,0,0,0,0,0,0.0235082131353549,0,0,0,0,0,0.0069186579576982,0,0,0.0125191452776436,0,0.024942397619229,0.0445895201108882
ERR321568,0,0.0104752125236695,0,0,0,0,0,0,0,0,0.0096927670884107,0,0.0088741381577671,0,0,0,0,0,0.121468356445969,0,0.0064183117723394,0,0,0,0,0,0,0,0.0058492825126979,0.066940614185537,0,0,0,0,0,0.0329515662469965,0,0,0,0,0.0453327247579496,0.0179694849300574,0,0,0,0.0053733396744053,0,0.0381046034044259
ERR321578,0,0,0,0,0,0.0182890354425531,0,0.0299623201750209,0,0,0,0.0501668068901234,0.0524311034078942,0,0,0,0.0057392022494432,0,0.0065209236662927,0,0.0146748804261234,0,0.0159669762585127,0,0,0,0,0,0.005255921274987,0.0116987965767368,0,0,0,0,0,0.0498816381079564,0,0,0,0.022595586038351,0,0.0120781735169865,0,0,0.0123746197720919,0.0083986229105301,0.0344531611822505,0.0050636541144037
ERR321584,0.0149712895076904,0.0059351166759323,0,0,0,0,0.0052295751481506,0.0076644476985914,0,0,0,0,0.0105516946003155,0.0588171754878859,0,0.0151184707310023,0,0,0.0071181752081255,0,0.0400293279378489,0,0.0938704822641307,0,0,0,0,0.0315357529010995,0.0088750664467135,0,0,0,0,0,0,0.0954726494834684,0,0,0.014423276372008,0,0,0.0057932540907821,0,0,0.0061531808405633,0.0127694700112455,0.0072907891921017,0
ERR321587,0,0,0.0197535449054167,0,0,0,0.0057753606924034,0,0,0,0,0.0413078446660051,0,0,0,0,0,0,0.0319885629794138,0,0.0100819630172156,0,0.0219371170596481,0,0,0,0,0.0072266455606483,0.0063482945864638,0.0059086268881223,0,0,0.0093510293121643,0,0,0.038555768518956,0,0.0056226521523413,0,0.0142374564885256,0,0.0061360284852494,0,0,0.0162086394887303,0.0109877547685426,0.0197654810282096,0.0068508422718896
ERR321589,0,0,0,0,0,0.0119632450900877,0.005167028054277,0,0,0,0,0.007147583565993,0.0172900971839482,0,0,0,0,0,0.0067395549485595,0,0.0077971189330282,0,0.0433439561915841,0,0,0,0,0,0.0053738908646626,0.005233698390635,0.0078823430234997,0,0,0,0,0.103637190191762,0,0,0,0.0099233329625148,0,0.0137639600640066,0,0,0.0061268961301565,0.009115898219186,0.0465146464951689,0.0054011440968459
ERR321590,0,0.008007566562166,0.0149788845925551,0,0,0.0240351265849455,0,0.0120437715782987,0,0,0,0.0264540718173251,0,0,0,0,0.0066008760576408,0.0056563027766937,0.0076602154007197,0,0,0,0.0924594784211423,0,0,0,0,0,0,0.0088221519053746,0,0,0,0,0,0.0176374668666208,0,0,0,0.0097568782667908,0,0.0122336580265466,0,0,0.0352356750540635,0.0055075669921625,0.108047797033403,0.0111332970186968
ERR321592,0,0,0,0,0,0,0,0.0091465519225016,0,0,0,0.0108827361464525,0,0,0,0,0.0195758135948565,0,0,0,0.0090627600857368,0,0.0282908158502896,0,0,0,0,0.027425328665882,0,0,0,0,0,0.0061680885953232,0,0.0116807122913941,0,0,0,0.0225037521810841,0,0.0199654130742183,0,0,0.284044503885032,0,0.0596859998602022,0.0068638213332279
ERR321602,0,0,0.0356487738126643,0,0,0.0213513045734006,0,0.0170162323717231,0,0,0,0.0438678879441818,0.0161652427911101,0,0,0,0,0,0,0,0.0179993277174036,0,0.0129807985594843,0,0,0,0,0.0486628471325227,0,0,0,0,0.0094919978753817,0,0,0.0544121794231365,0,0.0052691659101901,0,0,0,0.0412629377358876,0,0,0.0253459312790114,0.0056931293993351,0.0515666079998979,0.0270313558330862
ERR321606,0,0,0,0,0,0.0096290530058065,0,0.137580131270687,0,0,0,0.0627906969610079,0,0,0,0,0.0161897826475369,0,0.0055217549889342,0,0.0204229864420995,0,0.0473784799986643,0,0,0,0,0,0,0.0091713572375509,0,0,0,0,0,0.0301235160658709,0,0,0,0.00798285577881,0,0.0150253842788515,0,0,0.0216008387174159,0.0079086620852389,0.0389084788579307,0.0053380894427107
ERR321608,0,0,0.0531694766988121,0,0,0,0,0.0065824320903346,0,0,0,0.0448777134814528,0.10503876692642,0,0,0,0.0494919246366831,0.0322253617673507,0.0103979176324087,0,0.0100374470821943,0,0.0642632224148442,0,0,0,0,0,0,0.0068293767555891,0,0,0,0,0,0.0640352771106186,0,0,0,0,0,0.0147744956904135,0,0,0.0062907636816679,0,0.012890031839449,0.0234961899932341
ERR321612,0,0,0.105537505038247,0,0,0.0119085578016298,0,0.0058879417845235,0.0086987157305355,0,0,0.0064245311234646,0.0627453130879044,0,0,0,0,0,0,0,0,0,0.0103739655140133,0,0,0,0,0.0132241805821757,0,0.0138152271813388,0,0,0,0,0,0.0251928029360922,0,0.006901911259756,0,0,0,0.0154582587951564,0,0,0.0266228524902982,0.0080315430136799,0.0518904510002031,0
ERR321614,0.0082661480207421,0,0.0196456731243782,0,0,0.0122765003412385,0,0.0096326901321125,0,0,0,0.0201093686074933,0.0127451528181015,0,0,0,0,0,0,0,0.0151321618753953,0,0.0146617287308753,0,0,0,0,0,0,0.0116337755693649,0,0,0,0,0,0.0894490965590138,0,0,0,0.0082959862355352,0,0.0108023000258486,0,0,0.016993537090802,0.0072963097876611,0.0700905921889425,0.0052280883671243
ERR321616,0,0,0.0335730516143007,0,0,0.0184105116332731,0,0.0403224484499543,0,0,0,0.0156851510266463,0.0197365910193487,0,0,0,0.007517828400635,0,0.0058732271860852,0,0.0071038939246606,0,0.0097664385981135,0,0,0,0,0,0,0.0080306166359865,0,0,0,0,0,0.0803266878997868,0,0,0,0.0176517151815474,0,0.0182751820879991,0,0,0.0147603052854352,0.0057187525456407,0.0464506307432939,0.0068200960433094
ERR321619,0,0,0,0,0,0,0.0054495253302871,0,0.0065021738564333,0,0,0.0079350595169983,0.0664397129647248,0,0,0,0,0,0.0066025547310781,0,0.0151512450199903,0,0.0319406756594532,0,0,0,0,0,0,0,0.005847375040128,0,0.0053422290886054,0,0,0.0921951330727321,0,0.0055259185255227,0,0.0072664299666193,0,0.0207536647933586,0,0,0.0215012808016121,0.0103407428249555,0.0126607404132213,0
ERR321627,0,0.0070721279608363,0,0,0,0.0440167350812623,0,0.0071652598342996,0,0,0,0.0338545695466573,0,0,0,0,0.005587640357532,0,0.0068463262423129,0,0.0054585978493157,0,0.0235994535054311,0,0,0,0,0.0084785371385789,0,0,0,0,0.0063371388328717,0,0,0.0449822414656472,0,0,0,0.0095391704316911,0,0.010856800540183,0,0,0.0165132696143252,0.0171776163572579,0.0939579994294199,0
ERR321628,0.022919551057272,0.0157074315703938,0,0,0,0.0065925847331523,0,0.0186124388293536,0.0459162204757013,0,0,0,0.0138245013832136,0,0,0,0,0,0,0.0050508644761256,0.0270374903925531,0,0.007521239897624,0.0393113433863242,0,0,0,0.0762484505161496,0,0,0,0,0.0221308993605387,0,0,0.0741561620934788,0,0,0,0,0,0.0135347899559804,0,0,0,0.0083726473077152,0.0160542054091543,0
ERR321631,0,0,0.0234982655487566,0,0.0109480672028209,0.0549029728915905,0,0.0078072806687754,0,0.0096784732092061,0,0.0086004907212503,0.0450375462232164,0,0,0,0.0991495196606668,0,0.0135025714785129,0,0,0,0,0,0,0,0,0,0.0057668194558549,0.0152019689483568,0,0,0,0.0092019313681851,0,0.0084872765065346,0,0,0,0.049160627917299,0,0.0126475436226054,0,0,0.0151995215002005,0.0152113639912795,0.0280138073971989,0.009115481183308
ERR321634,0,0,0.178126680885014,0,0,0,0,0.0101214581476243,0,0,0,0.0110877243511366,0.0408419519526096,0,0,0,0.007285760248878,0,0,0,0.0109801737043672,0,0.0342488698571539,0,0,0,0,0,0,0.0069232723288302,0,0,0,0,0,0.0325520390790311,0,0,0,0.0132994335427657,0,0.016177306891514,0,0,0.0222455678248496,0.010158759701247,0.0307091213801003,0.0054915815137399
ERR321640,0,0.0148842229593697,0.0362072020002696,0,0,0.0091164161640883,0.0066213472666012,0.005250881483114,0,0,0,0.0138292999436585,0.0116960461785164,0,0,0,0,0,0.0050695937449321,0,0.0054214700947464,0,0.0137975827360197,0,0,0,0,0,0.0072792077736703,0,0,0,0.0061081150539534,0,0,0.0562692591066675,0,0,0,0.0123543411678819,0,0.0058782196088594,0,0,0,0.0418762183834022,0.0226379397110193,0
ERR321642,0,0,0,0,0.0110487790466038,0,0,0,0,0,0,0.142511361966042,0,0,0,0,0.0078865130046144,0,0,0,0,0,0,0,0,0,0,0,0,0.0906661830664127,0,0,0,0.0065519778555997,0,0,0,0,0,0,0,0.0175831444347601,0,0,0,0,0.0729800698484798,0.0611145155401565
ERR321648,0,0,0,0,0,0.0147199090530191,0,0.0154482874928344,0,0,0,0.0539767588403955,0.0135880498999426,0,0,0,0.0096005855880224,0.0148540131803022,0,0,0.0157102477141977,0,0.0193717475621876,0,0,0,0,0.0052396108034081,0,0.0077347603231604,0,0,0,0,0,0.0567641436041856,0,0,0,0.0158876309007403,0,0.0132291181713886,0,0,0.0246664223330105,0.0075487924405909,0.0815428781437957,0.0137785387171061
ERR414233,0,0,0.0078196139223212,0,0,0.0062336518623795,0.0068069616162702,0,0,0,0,0.0126030936095063,0,0,0,0,0,0,0.0071759789820345,0,0.0366755719921059,0,0.0077928812380756,0,0,0,0,0,0.0058256746471323,0,0,0,0.0132341216589271,0,0,0.0451713253685123,0,0,0,0,0,0.0165252796261556,0,0,0.0160731782928781,0.0263353393478835,0.0533632982421286,0
ERR414234,0,0,0.0275254833790807,0,0,0.0226423118972552,0,0.0255842000217762,0,0,0,0.0121280997488448,0.0581543743475404,0,0,0,0.0080173937214397,0,0,0,0.0102854391153011,0,0.0409848314686179,0,0,0,0,0,0,0.0324055258668591,0.0175631228010153,0,0,0,0,0.0754232132780566,0,0,0,0.01177551360952,0,0.0087142880284965,0,0,0.0208114543045472,0,0.0952242797580503,0.0054145855720658
ERR414235,0.0180124027597285,0.0060083479829644,0,0,0,0.0310935422162201,0.0075866511995104,0.0053825629835716,0,0,0,0.0139889060185717,0.0348054382580331,0,0,0.0131280133550011,0.0083914428191955,0,0.0126511544819751,0,0.0065439837720348,0,0,0,0,0,0.0106501557357597,0,0.0069401051230218,0,0,0,0,0,0,0.0487628797108729,0,0,0,0.0258683943327611,0,0.0296566911382865,0,0,0,0.0063404329450427,0.023977106345065,0
ERR414239,0,0,0,0,0,0.0172777426231996,0,0.0427459280810652,0.0051608162953804,0,0,0,0.0130374807215251,0,0.0082479243169395,0,0.0068818580542797,0.0731480420385291,0.0138476901133187,0,0,0,0.0082889998793253,0,0,0,0,0.0349582201983123,0.0078454324156915,0,0,0,0.0157382597110589,0,0,0.0345509888090967,0,0,0,0.0089669897093563,0,0.0416127043554801,0,0,0.0106893682469132,0.0307724016455988,0.0169157186576749,0
ERR414240,0.0167991974941179,0.0051333605741548,0.0087976656145999,0,0,0,0,0.0962496132799133,0,0,0,0.0109109234112808,0.0267305154938689,0,0,0,0,0,0,0,0,0,0.0181345276899275,0,0,0,0.0050753445478846,0,0,0.0645025385377064,0,0,0,0,0,0.0668406164494474,0,0,0,0.0060733484119443,0,0.0307391985377654,0,0,0,0,0.0710689911198939,0.0135867763975163
ERR414241,0,0,0,0,0,0,0,0,0,0,0,0.0145604636837936,0.133463409267996,0,0,0,0.0053578184455716,0,0.0247558566813352,0,0,0,0.0137692849310928,0,0,0,0,0,0,0,0,0,0.0117809331714688,0,0,0.114682890333077,0,0,0,0,0,0.0155204870821197,0,0,0.0114882908808876,0.0060869759654665,0.0412029083388199,0
ERR414242,0.0198837132346083,0,0,0,0,0,0,0,0,0,0,0.119377149809029,0.0290670918010778,0,0,0,0,0,0,0,0.0169483079928114,0,0,0,0,0,0,0.0194691151928398,0,0.0067301591519866,0,0,0,0,0,0.0511014764800895,0,0.0094280489054483,0,0.0248407470788406,0,0,0,0,0.0242659314887277,0,0.0159467566678736,0.0195763101873063
ERR414244,0,0,0,0,0,0,0,0,0,0,0,0,0,0,0,0,0,0,0,0,0,0,0,0,0,0,0,0.0177525539935908,0,0,0,0,0,0,0,0.0199436486724749,0,0,0,0,0,0.0104817594816171,0,0,0,0,0,0
ERR414246,0,0,0.0072180033849549,0,0,0.0297695137993048,0,0.0262548799061194,0,0,0,0.158892115681577,0,0,0,0,0.0082550112372878,0,0,0,0.0132715653192512,0,0,0,0,0,0,0.04854961670363,0,0.0098906350285645,0,0,0,0,0,0.0581587370178081,0,0,0,0,0,0.0203584069952911,0,0,0.0053266227342725,0.0059877692553734,0.0410809402464366,0.0087772432740436
ERR414250,0,0,0.0166506294415977,0,0,0.0252508106057307,0,0.0798023913782475,0,0,0,0.0160012972030047,0,0,0,0,0.0265827966562678,0.0108713825266931,0,0,0.0079786899769584,0,0,0,0,0,0,0.0292621872923796,0,0.0532930337158786,0,0,0,0,0,0.0366235512788323,0,0,0,0.0221957484595349,0,0.0224420065783801,0,0,0.0264137773598616,0,0.112283398812174,0.0067796979253228
ERR414252,0,0,0,0,0,0.0228500172585427,0,0.0823898747928115,0,0,0,0.0775463173777481,0,0,0,0,0.0642381510842318,0.0252909689917475,0.0075573864165992,0,0,0,0.0120160735368994,0,0,0,0,0.0216838461675969,0.0056989563163474,0,0,0,0,0.0062641094436907,0,0.0080620881218199,0,0,0,0.0497258059959352,0,0.0305240771754885,0,0,0,0,0.0051518483896378,0
ERR414254,0,0,0.0058699917045677,0,0,0,0,0,0,0,0,0.0109795865134441,0.0132443948387476,0,0,0,0,0,0,0,0.0105391775671427,0,0.0220957636276251,0,0,0,0,0,0,0.0073386597994075,0,0,0.0061604062995925,0,0,0.188219932994013,0,0.0122406028538925,0,0.0068646350977846,0,0.0070952647102438,0,0,0.0670393902187088,0.0075522687762609,0.0260966767847253,0.0082962833101817
ERR414261,0.0102496132548636,0,0.0054368506907438,0,0,0,0.0065715794480174,0.0686778654544845,0,0,0,0.0758863075048099,0.032915170882723,0,0,0,0.0122755943388261,0.0058650917232733,0,0,0,0,0.0055426842608138,0,0,0,0,0,0,0.0125968174128117,0,0,0,0,0,0.0893185417876788,0,0,0,0.0225239386060391,0,0.0323177314967642,0,0,0.0219578855146413,0.0097973460561471,0.0185032781334985,0.0066555018313183
ERR414262,0,0,0.0231907034347289,0,0,0.010760298137936,0,0.0085890594005533,0,0,0,0.01217983950753,0.0063440208628058,0,0,0,0,0,0.0130813460509097,0,0.0054630633656354,0,0.013543589111878,0,0,0,0,0,0,0.0180824977918061,0,0,0.0066356847444875,0,0,0.0555861643050915,0,0.010722293450323,0,0.0057123034099816,0,0.0117773654465578,0,0,0.0320640246411789,0.0119371177090244,0.126760547819895,0.0158640846311363
ERR414265,0,0,0,0,0,0.0246587612273761,0,0.0597845041596302,0,0,0.0068543503198924,0.0534398092162101,0.0232329664096288,0,0,0,0.0273825111134038,0.0055880826095554,0,0,0,0,0,0,0,0,0,0,0,0.0062465663510787,0,0,0,0,0,0.0169860593342711,0,0,0,0.0280394956680997,0,0.0256660103408456,0,0,0.0156618003516547,0,0.0428648860597568,0
ERR414266,0,0.0067878948124267,0,0,0,0,0.0059360274014889,0,0,0,0,0.0339090741931284,0.0071388690175003,0,0,0,0.0526934418154559,0,0,0,0.0103103202522183,0,0,0,0,0,0,0.217379061536583,0,0,0,0,0,0,0,0.0277233383753719,0,0,0,0.0350174950239508,0,0.0123916039990927,0,0,0.0402145975741844,0.0138370405962401,0.0052961537790459,0
ERR414267,0,0,0.0093717439321904,0,0,0.026852438479686,0,0.0399314976275087,0,0,0,0.0251428905595963,0.0115156123199746,0,0,0,0,0,0,0,0,0,0.024590008666981,0,0,0,0,0,0,0,0,0,0,0,0,0.0491830772969977,0,0,0,0.0303280707797621,0,0,0,0,0.0526581267469718,0.0051418064584065,0.134283272143787,0.0055792354599785
ERR414268,0,0,0,0,0.0125062186794364,0.0518179982780789,0,0.0203139623835204,0,0,0,0.0206007244335607,0.0153892084047014,0,0,0,0,0,0.0070783266811447,0,0.0125014623835204,0,0,0,0,0,0,0,0,0.0306165607692762,0,0,0,0.0078413572282067,0,0,0,0,0,0.010618395137731,0,0,0,0,0.0557427232931855,0,0.106269742177526,0.089026110786768
ERR414270,0,0,0.008019474544165,0,0,0.0186570262772805,0,0.0298938292829633,0,0,0.0056199445187585,0.0119653870669456,0.0124734601262243,0,0,0,0.0221013183527996,0.0144440317266516,0,0,0.0140369560728618,0,0.0194481726202767,0,0,0,0,0,0,0.0153044735117471,0,0,0,0,0,0.0300809550314663,0,0,0,0.0205473610500139,0,0,0,0,0.0539668414295846,0,0.0701006158597348,0
ERR414274,0,0,0.0351058956596538,0,0,0.0326381718212166,0,0,0,0,0,0.0078825596105195,0.0139663621732248,0,0,0,0.0109590752364041,0,0.0065706896704668,0,0,0.0274891851893039,0.0411728711697993,0,0,0,0,0.0892802255702976,0.0058815121264977,0,0,0,0.0072496246607039,0,0,0.0997152844416615,0,0,0,0.0151801962418424,0,0.0132997731182897,0,0,0.0060567329564134,0.007509072204791,0.0129679875384702,0
ERR414277,0,0.0117838767141562,0,0,0,0.217725705018786,0,0.03057420082406,0,0,0.0059430842291125,0.0836256490681763,0,0,0,0,0,0.009404436892005,0,0,0.0057085899078948,0,0.0063232492650259,0,0,0,0,0,0,0.0299855688493051,0,0,0,0.0052710406908377,0,0,0.0051836217366981,0,0,0.0450060538452008,0,0.0111131138883476,0,0,0.093980498549965,0,0.014917408299025,0.0061380830304069
ERR414278,0.0050594646077072,0.0067557747016848,0,0,0,0.0123030599160179,0.0068406993385105,0.0442533750350339,0,0,0,0.0450614488281938,0.0107000081849095,0,0,0,0,0,0,0,0,0,0.0074138414260592,0,0,0,0,0.0972414870740437,0.0053073929575054,0,0,0,0.0058662486575508,0,0,0.0180652362090475,0,0,0,0.0372751692168034,0.0053252509418846,0.0142506715346209,0,0,0.0135899261125896,0.0098898509602387,0.0101708165811385,0.0055144463652801
ERR414279,0.0108470012896078,0.009023043792747,0,0,0,0.0176450428768657,0.0077100203356882,0.0274761327048211,0,0,0,0,0,0,0,0,0.0118081734862924,0,0.0241455616674792,0,0.0082388242293445,0,0.0069543514583289,0,0,0,0,0.158818839632337,0.0081603611928805,0.0054562620435369,0,0,0.0146046002138837,0,0,0.0577700538016111,0,0,0,0.0061530836435481,0.0088894306900772,0.0157275253980433,0,0,0.0114074368785925,0.0095132323700283,0.0209193341445973,0
ERR414282,0.0075295601597254,0.0181413302699728,0.048397531903584,0,0,0.0108494389004101,0,0.0119132104762539,0,0,0,0.0211603392825928,0.0118800299838555,0,0,0,0.0063767251569171,0,0.0088590251521437,0,0,0,0.014823779984895,0,0,0,0.0139437900837396,0,0,0.0155750395546396,0,0,0,0,0,0.0572594676252364,0,0.0070982969176736,0.0184454432040614,0.0137352269886632,0,0.017732519992702,0,0.0061516965543347,0.0192595710751927,0.0064759339975973,0.0582358389566922,0.0052769456782949
ERR414283,0,0,0,0,0.0069016804410699,0,0,0.0857050203478484,0,0,0,0.0143595138470596,0,0,0,0,0,0.0325475555139156,0.0140922527852658,0,0,0,0,0,0,0,0,0,0,0.0293635393684808,0,0.0104982120252445,0,0,0,0.0104863259871792,0,0,0,0.0114150101083762,0,0.0090156909686037,0,0,0.0160095756020191,0,0.09666154401732,0.0602574935352189
ERR414288,0,0,0,0,0,0.122642730903935,0,0.0178695280968558,0,0,0,0.0959291815559284,0.0139383460298271,0,0,0,0.0075269339874129,0.0474317100101595,0,0,0.0057031354324728,0,0,0,0,0,0,0.181422776837127,0,0.0219374827114123,0,0,0,0,0,0.0154907939950872,0,0,0,0.0168592875472463,0,0.0233175522794272,0,0,0,0.0108776145199887,0.0064519006665919,0.0090021353634556
ERR414292,0,0,0.0138867197714702,0,0.0115655938101705,0,0,0,0,0,0.0062370792237825,0.112686120794492,0.0226633195130998,0,0,0,0.0176145759881407,0.0273582915089423,0,0,0.0079662615576888,0,0,0,0,0,0,0,0,0.0196115065617555,0,0,0,0.0063219002310185,0,0.0084318453288031,0,0,0,0.0148695854470957,0,0.0242542393972238,0,0,0.0892307377864663,0,0.0136395305569031,0.0147779715455878
ERR414294,0,0,0,0,0,0,0.0069265905055335,0,0,0,0,0.0131273438335878,0,0,0,0,0.0058836778771521,0,0,0,0.0170115556219818,0,0.0113913069706029,0,0,0,0,0.0056308278370337,0.006903931540514,0.0465816550318133,0.0055050030544585,0,0,0,0,0.0499443354763312,0,0,0,0.0198432509822511,0,0.0100336448115697,0,0.0067556728819757,0.0728017540139756,0.0077587447473592,0.0875955071624088,0.00720795182614
ERR414295,0.0301051103593161,0.012576250470219,0.0432032102369654,0.0064002904422746,0,0.0950593100871202,0,0.0544116075679959,0,0,0,0.009378136095451,0,0,0,0,0.0146919237301586,0.0152490786206242,0,0,0.008663278173463,0,0.0114413978971679,0,0,0,0.0188453169932476,0,0,0.0140169797502746,0,0,0,0,0,0.0119317691858743,0,0,0.0152664970337145,0.0144949316323381,0,0.0091919231052828,0,0,0.0258691553803682,0,0.0838280266796974,0
ERR414297,0.0082056233016936,0,0.0093732736504152,0,0,0.0384296239593721,0.0058760441662426,0,0,0,0,0.0695411442792737,0.0486316959778774,0,0,0,0.0194195083883369,0.0110636188006311,0,0.0090308833353936,0.0053456704262849,0,0.0057340590883775,0,0,0,0,0.0753735238934687,0.006587098811225,0.0083515231325009,0,0,0,0,0,0.0186028306976255,0,0,0,0.0191420879154136,0,0.0171131166356975,0,0,0,0.0089973820842536,0.0352896156811753,0
ERR414301,0.0078031087491065,0.0054320735991804,0,0,0,0,0.008937269272184,0,0,0,0,0,0,0,0,0.0376567125951303,0,0,0.022923433181576,0.0070317425241222,0,0,0,0,0,0,0,0.0093055990608996,0.0053524679721345,0,0,0,0.0080785653062685,0,0,0.0198380561465693,0,0,0,0.0176276380896231,0.0773201723382747,0.0104472281030708,0,0,0.0074714186364153,0.0486463309142654,0.0396834050823712,0
ERR414302,0,0,0,0,0,0,0,0.0160575264506161,0,0,0,0.0687582735681039,0.0273847609771836,0,0,0,0.0075074071214474,0,0.0224357815834094,0,0.0080056004696388,0,0.0254246828708187,0,0,0,0,0,0.0097748554268783,0.0111508180075976,0,0,0.0050360230454322,0,0,0.0609262427983024,0,0,0,0.0192727067254377,0.0052844727151796,0.0144505401839304,0,0,0.0070299179124016,0.0077918302329603,0.0291131252596105,0.006416816591952
ERR414305,0,0,0,0,0.0116782811453043,0,0,0.164332769926744,0,0,0.0083576911559631,0.0594363000506955,0,0,0,0,0.0050798436322153,0,0,0,0,0,0.0511940690615299,0,0,0,0,0,0,0.0149273645540719,0,0,0,0.0171465917198307,0,0,0,0,0,0.0241526722518839,0,0.0224194072392112,0,0,0.0639509540552305,0,0.0120340478305852,0.0245972039867265
ERR414306,0,0.0109737016464281,0,0,0.0076683875482555,0.0962855719960634,0,0,0,0,0,0.0111655419508891,0.0071693592787453,0,0,0,0,0,0,0,0.0093970299955656,0,0.0112145926051497,0.0601615658551446,0,0,0,0.0588503358524167,0,0,0,0,0,0,0,0.0309109411567656,0,0,0,0.0248113122272477,0,0.0149555292667044,0,0,0.0276643661047501,0,0.0831870183258723,0.0130120682870325
ERR414308,0,0,0,0,0,0.05000323247937,0,0,0,0,0,0.15893439997261,0,0,0,0,0,0,0,0,0.0114356196644741,0,0.0209239209118833,0,0,0,0,0,0,0.0135151146182551,0,0,0,0,0,0.0340513929618635,0,0,0,0.0102563019234072,0,0.0131286375636685,0,0,0.0319795102693593,0.00595617559265,0.0177042986148052,0.0341800001129091
ERR414309,0.0181827301773782,0,0.0060855870474215,0,0,0.0228805841254647,0,0.0886154880030555,0,0,0,0.0550848394857598,0.0364044399240231,0,0,0,0.0060120999835016,0,0,0,0.0050211728559575,0,0,0,0,0,0.0078075170739578,0.0448726758054116,0,0.0247632066708849,0,0,0.0056221229905125,0,0,0.0250911185202509,0,0,0,0.0119480538316917,0,0.0227611072131542,0,0,0.0231670386344943,0,0.0365173900247354,0.0083174544467832
ERR414311,0.0138884142176397,0,0.0134866307730575,0,0,0.0665982749481187,0,0,0,0,0,0.0994577420746881,0.0119453108415326,0,0,0,0.0080900906284662,0,0.0067296774034373,0,0.0168073982835931,0,0.0065112743806614,0,0,0,0,0.022351515075765,0,0.0308650016088914,0,0,0,0,0,0.0531117092728325,0,0,0,0.0142715796996246,0,0.0152779912442196,0,0,0,0,0.0378177690746397,0.0143045191719121
ERR414312,0,0,0.0176295438324672,0,0,0.0288003561195554,0,0.0067447592572492,0,0,0,0.0941949471548748,0.0251063082207526,0,0,0,0.0063919666557926,0,0,0,0.0088140192117287,0,0.0376970975563749,0,0,0,0,0,0,0.0115924020802946,0.0090846917516984,0,0.0059167843018357,0,0,0.0799269816413866,0,0,0,0.0131522316258432,0,0.0081775322823671,0,0,0.045626086811217,0.0052857921153601,0.0148839788803159,0
ERR414313,0.0137037843572913,0.0227440206128739,0,0,0,0.0213329709379654,0.0096114455809323,0,0,0,0,0,0,0,0,0,0,0,0,0,0,0,0,0,0,0,0,0.401253211210461,0,0,0,0,0,0,0,0.011566197462905,0,0,0,0.0107628149605977,0.0104002012822465,0.0109083188839096,0,0,0,0.0078680182267405,0.0258280925177909,0.0171780862140763
ERR414315,0,0,0.0268134410963691,0,0,0,0,0.005311761077117,0,0,0,0.0597749311042483,0,0,0,0,0,0.0107284841972226,0,0,0.0091181138270749,0,0.0444984425868402,0,0,0,0,0,0,0.0288919802733514,0,0,0,0,0,0.0147673173461205,0,0,0,0,0,0.0194293062344797,0,0,0.0238108950901373,0.0060746657066699,0.0609480097537507,0.006628849253604
ERR414316,0,0,0,0,0,0.0071389051073157,0,0.0091898415820846,0,0,0,0.0962033591858698,0.0151168767091856,0,0,0,0.0089614807667083,0,0,0,0,0,0.0123138382285776,0,0,0,0,0,0,0.0056420583028785,0,0,0.0132953931352428,0,0,0.0173864027084639,0,0,0,0.0069746899425712,0,0.0092514007145457,0,0,0.0518752084302559,0,0.0082819737041917,0.0081466125865951
ERR414318,0,0,0.0105741443390122,0,0,0,0,0.170143831084533,0,0,0,0.0064663063367531,0.0343284988244672,0,0,0,0.0062667280667602,0,0.0156521380365042,0,0.0518400114653867,0,0.0102199965483422,0,0,0,0,0,0.0059188479418392,0,0,0,0,0,0,0.0372860967825308,0,0,0,0.0181148865105867,0,0,0,0,0.0247848673083342,0.0104518508293578,0.0601990048032528,0.0077936202762836
ERR414319,0.0110005267111956,0.0125989839971034,0,0,0.0774158886480226,0.204160208287717,0,0,0,0,0,0.0077011734181523,0,0,0,0,0.0160096931824367,0,0.0096148853249082,0,0,0,0,0,0,0,0.0068707346764804,0,0,0.0068200590458094,0,0,0,0,0,0.0056676234319983,0,0,0,0.012758623108316,0,0.0081331668577243,0,0,0,0,0.0773663004772372,0
ERR414320,0,0.0069583402203471,0,0,0,0.0474818487151646,0,0.0065238745943105,0,0,0,0.0423307323834907,0,0,0,0,0.0708962156933884,0,0,0,0,0,0,0,0,0,0,0.0171604352557027,0,0.005622176595463,0,0,0,0,0,0.0081562404230952,0,0,0,0.0766326931134634,0,0.0415162337411288,0,0,0.0169762371418271,0.0097589783757079,0.0720193189064205,0
ERR414321,0,0.0057616155759261,0.0051793488410479,0,0,0.0839532768771965,0.0091154423423142,0,0,0,0,0.0072460095471429,0.0072623041277664,0,0,0,0,0,0,0,0.006540052132077,0,0.0125248188153734,0,0,0,0,0,0,0,0,0,0,0,0,0.0635190263035797,0,0,0,0.0130657142449023,0,0.0347803591050466,0,0,0.0077972742552503,0.0095920059210696,0.0593718439169633,0
ERR414322,0,0,0,0,0.0087978551399646,0.0378938421124072,0,0.102507479978947,0,0,0,0.124948074231709,0.0300449784852719,0,0,0,0,0,0,0,0,0,0.0428143669735485,0,0,0,0,0,0,0.0360657766358599,0,0,0,0.0088837825703439,0,0.0212801485593234,0,0,0,0.0120715278183288,0,0.0137827288958635,0,0,0.0364944856786972,0,0.0133620634648709,0.0059808121186293
ERR414324,0,0,0.0103850977273422,0,0,0,0,0.0873150215642492,0,0,0,0.0199284250451167,0.0094481999204722,0,0,0,0.0091001131740739,0.0058746520661915,0.0069941577707766,0,0.0106307160554246,0,0.016666870583917,0.0142880738996115,0,0,0,0.0285357721836479,0.0053595570917321,0.0195892086991099,0,0,0,0,0,0.0210106138928823,0,0,0,0.0119077478359282,0,0.0191224421129905,0,0,0.0101416205303888,0.0075967332456489,0.116618236319701,0.0067093873306212
ERR414325,0,0,0.0078204620744685,0,0,0.0316817480526615,0,0.128732850376389,0,0,0,0.0867188394703496,0.0051275776138597,0,0,0,0,0.0198074386759873,0.0170441239511177,0,0.0515316886638913,0,0.0203678070840339,0,0,0,0,0.0138719533279996,0.0050657325285381,0.0123924408241369,0,0,0,0,0,0.11759257379902,0,0,0,0.0087398181500115,0,0.0164271569559902,0,0,0.0226403357462102,0,0.0130407808188448,0
ERR414326,0,0,0.0059284996818726,0,0,0.0262956726726289,0,0.0248355519022204,0,0,0,0.117891431743099,0,0,0,0,0,0,0.0074744421248326,0,0.0063324761226163,0,0.0148429241155882,0,0,0,0,0,0,0,0,0,0,0,0,0.0425973457288216,0,0,0,0.0190054947270978,0,0.0320736551883838,0,0,0.022677499000622,0.005126637724716,0.0122171321239465,0
ERR414329,0,0,0.0668715334204,0,0,0.0166010789173256,0,0.123894717504194,0,0,0,0.015648859443082,0.0208896060798393,0,0,0,0.0065771344392316,0,0.0056363105198928,0,0.0050762017303286,0,0.0086891106149248,0,0,0,0,0.0086841034771636,0,0.0104507598072563,0,0,0,0,0,0.0405771537771429,0,0,0,0.0127462734808862,0,0.0098490399762972,0,0,0.0117127311830036,0.0058284810139695,0.0837664795263317,0.0154373510376516
ERR414330,0.00685162551926,0.0067307427738961,0.0307608037450592,0,0,0,0,0.0363042926389481,0,0,0,0.0539610955612408,0,0,0,0,0.0297062450261419,0.0249934448166023,0.0207543436975846,0.008794803272704,0,0,0,0,0,0,0.0066775515366149,0.0646386705812211,0.0060705206877485,0.0103272343308129,0,0,0,0.0138322680821383,0,0.0070028527337643,0,0,0,0.0230393034437719,0,0.0124885527435326,0,0,0.0119145542188821,0.0102362009233914,0.0059367645312341,0
ERR414331,0,0,0,0,0,0,0,0,0,0,0,0,0.0179940537146044,0.0392604405254202,0,0.0084456013904197,0,0,0,0,0,0,0.0104176731314932,0,0,0,0,0,0,0,0,0,0,0,0,0.0218184897685847,0,0,0,0,0,0.0050523622283196,0,0,0.0090565418259421,0,0.0231339686113261,0
ERR414332,0,0,0,0,0,0,0,0.019037056616692,0,0,0.0061565809132748,0.0658864971914767,0.0190607264068322,0,0,0,0.0099652860836627,0,0.0051373338728929,0,0.0055512127114231,0,0.0056969607761133,0,0,0,0,0,0,0.0118229460121008,0,0,0,0,0,0.0623070312747948,0,0,0,0.0055980195311539,0,0.0249596034313128,0,0,0.0299295743829244,0.0059704952641012,0.0201907115329188,0.0090804469191256
ERR414333,0,0,0,0,0,0,0.0087079146184209,0.0205293403899294,0.0057502203781773,0,0,0.0291013365568116,0.0065552925503314,0,0,0,0.0074669247884918,0.0083662699986332,0.0078942524001295,0,0.0192936785633006,0,0.0483260772814918,0,0,0,0,0.0369696013490069,0.0057308655906782,0.0203536250157801,0,0,0,0,0,0.0470992229705228,0,0,0,0.0130452355091629,0,0.0309729880018802,0,0,0.0053985721603563,0.0157102157721728,0.0149198227927849,0.0099068240957535
ERR414334,0,0,0.0051266629469002,0,0,0,0,0.0056060473357632,0,0,0,0,0.0189380413898534,0,0,0,0.0050899756786072,0,0.0139117018911399,0,0.0264752232319217,0,0.0193668353219384,0,0,0,0,0,0,0.0080341442709982,0,0,0,0,0,0.0621724252611748,0,0,0,0.0237446860114937,0,0.0251068309978631,0,0,0,0,0.0389390948473069,0.0360042971264498
ERR414335,0,0,0,0,0,0.0086019248085004,0,0,0,0,0,0.030051803954767,0.0050988976267843,0,0,0,0,0,0,0,0,0,0.0229884785478249,0,0,0,0,0,0,0.035847672996934,0,0,0,0,0,0.0097354294704282,0,0,0,0,0,0.0064710363317865,0,0,0.0147613649709508,0,0.228073972553113,0.0114054452113731
ERR414336,0.0054634356056144,0,0.0181759144604236,0,0,0.0293179494336702,0,0.0170564195100288,0,0,0.0066981629790641,0.058329258543284,0,0,0,0,0,0.0077793433550072,0,0,0,0,0.0080454832354558,0,0,0,0,0,0,0.0078626125970072,0,0,0,0,0,0.0312580114166709,0,0,0,0.0086946451319786,0,0.0124309966474541,0,0,0.0448576232063088,0,0.139194869327917,0.0091131359683202
ERR414337,0,0,0,0,0.0094125850534114,0.0060925320324776,0,0.0204458477292833,0,0,0.0089869700257776,0.045292751964924,0,0,0,0,0.0381292229520032,0,0.0069552733303168,0,0.0067361835370572,0,0,0,0,0,0,0.0247589523234427,0,0.0169084353633196,0,0,0.0096073733345752,0,0,0.0064535938174545,0,0,0,0.0078466798792658,0,0.0106379681106981,0,0,0.0217504552207397,0,0.0199921693455761,0.011001061291423
ERR414338,0,0,0,0,0,0.0137239085128161,0.0052926985054405,0.0051581096508846,0,0.0112179974271772,0,0.0222819447356953,0.0137569270620248,0,0,0,0.0378821159073529,0,0,0,0.0104932293387522,0,0.0057596595109712,0,0,0,0,0,0.0056419079298528,0.0067270374030189,0,0,0.0173684128814326,0,0,0.0443997807218467,0,0,0,0.0167037779124274,0,0.0111553496500362,0,0,0.0116266839733429,0.0051738535948781,0.11185787941757,0.0136985432697154
ERR414339,0,0,0,0,0,0.0363720360686751,0,0.0843998358793516,0,0,0,0.0355968037286326,0.0370563863541998,0,0,0,0.0238413221768131,0.0352846771663957,0.0078665570939509,0,0.0278667099665426,0,0.0145790663706174,0,0,0,0,0.0132720057115444,0.0053766272253042,0.0075077973787399,0,0,0,0,0,0.0372946712471409,0,0,0,0.0173790891752811,0.0095548174816961,0.0273395800253306,0,0.0055815325982218,0.008851954185066,0.0058901529083554,0.0537220233514988,0
ERR414341,0,0.0080847822948305,0,0,0.0053029188346682,0,0,0.0053546740773017,0,0,0.0069794819982614,0.211410620191123,0.0311143701153114,0,0,0,0,0.0120379627388322,0.0064379304742306,0,0,0,0,0,0,0,0,0,0,0.0450964131163273,0,0,0.0069657956118761,0.0179777777556274,0,0.0099518047513152,0,0,0,0,0,0.0135129871538887,0,0,0.0304449256361505,0,0.0212462171709787,0.0073838246234882
ERR414343,0,0,0,0,0,0.0192619457470116,0,0.0390773962295294,0,0,0,0.022200716351229,0.017025639941336,0,0,0,0,0,0.0058906371219049,0,0.0063142780172901,0,0.0355112599378339,0,0,0,0.0052034588259956,0,0,0.0117088895584472,0,0,0,0,0,0.0267355692676913,0,0,0,0.0059869278020385,0,0.0141339670041079,0,0,0.0119341392701347,0,0.144309632730107,0.0060281680240938
ERR414344,0,0.0053976525032419,0.0353066637400228,0,0.0091101707871906,0,0,0.0317461524302136,0,0,0,0.135856384648276,0.0124074384136224,0,0,0,0,0.0278228959526862,0,0,0.0258363923428373,0,0.0192038966676534,0,0,0,0,0,0.0069137003130991,0,0,0,0,0,0,0.058701413069834,0,0,0,0.0110817987598457,0,0,0,0,0,0.0051400835999791,0.0111399239348066,0
ERR414345,0,0,0,0,0,0,0,0.121292611423734,0,0.0060645016841848,0,0.0557420939178715,0.0532226599061138,0,0,0,0.0064909949106819,0.0327511691585434,0.007232647544009,0,0.0059146858882603,0,0.0059965598217971,0,0,0,0,0.0233468370086383,0,0,0,0,0,0,0,0.0477857765460272,0,0,0,0.0173727403500154,0,0.0290794239757565,0,0,0.0452460888625549,0.0096078508632544,0.0147351599199231,0
ERR414347,0,0.0053058864834526,0,0,0,0.0054584136827926,0,0.0717623305781504,0,0,0,0.0592141592684646,0.0065146593360665,0,0,0,0.0060767418858469,0,0.0054122705634834,0,0,0,0.0094775470026454,0,0,0,0,0.0324487570775976,0,0.024883522437755,0,0,0,0,0,0.0278846459472789,0,0,0,0.0315326574935671,0,0.0144092944623419,0,0,0.0382262189573726,0,0.0736720418632019,0
ERR414351,0,0,0,0,0,0,0.0063418023612736,0.006825229820506,0.0075376388447485,0,0,0.0446799291736332,0.0106942286775722,0,0,0,0,0,0,0,0,0,0.0075739600585087,0,0,0,0,0.348490498252042,0.0074430852502314,0.0085109091949916,0,0,0,0,0,0.0453980627370009,0,0,0,0.0060848889932904,0,0.0102864046143733,0,0,0,0.0067271230637733,0.0110548746424631,0
