Pathways,Ruminococcus_champanellensis_18P13,Bifidobacterium_longum_longum_ATCC_55813,Veillonella_parvula_Te3_DSM_2008,Mycoplasma_hominis_ATCC_23114,Bifidobacterium_longum_longum_CCUG_52486,Bacteroides_xylanisolvens_XB1A,Acidaminococcus_intestini_RyC_MR95,Clostridium_sporogenes_ATCC_15579,Bifidobacterium_longum_infantis_ATCC_15697,Lactobacillus_ruminis_ATCC_25644,Campylobacter_hominis_ATCC_BAA_381,Bacteroides_dorei_DSM_17855,Coprococcus_catus_GD_7,Bifidobacterium_bifidum_PRL2010,Ruminococcus_obeum_A2_162,Bacteroides_vulgatus_ATCC_8482,Bacteroides_ovatus_SD_CMC_3f,Flavonifractor_plautii_ATCC_29863,Bifidobacterium_longum_DJO10A,Bifidobacterium_longum_NCC2705,Megasphaera_elsdenii_DSM_20460,Bifidobacterium_bifidum_NCIMB_41171,Bacteroides_fragilis_3_1_12,Adlercreutzia_equolifaciens_DSM_19450,Staphylococcus_hominis_subsp_hominis_C80,Bacteroides_xylanisolvens_SD_CC_1b,Prevotella_ruminicola_23,Bifidobacterium_longum_infantis_157F_NC,Bacteroides_fragilis_YCH46,Bacteroides_fragilis_NCTC_9343,Akkermansia_muciniphila_ATCC_BAA_835,Bacteroides_thetaiotaomicron_VPI_5482,Bifidobacterium_bifidum_S17,Bifidobacterium_adolescentis_ATCC_15703,Bacteroides_fragilis_638R,Alistipes_shahii_WAL_8301,Streptococcus_pneumoniae_G54,Bacteroides_caccae_ATCC_43185,Ruminococcus_torques_ATCC_27756,Klebsiella_pneumoniae_pneumoniae_MGH78578,Collinsella_aerofaciens_ATCC_25986,Megamonas_hypermegale_ART12_1,Bifidobacterium_longum_longum_JCM_1217,Roseburia_hominis_A2_183,Blautia_obeum_ATCC_29174,Ruminococcus_bicirculans_80_3,Acidaminococcus_fermentans_DSM_20731,Odoribacter_splanchnicus_1651_6_DSM_20712,Faecalibacterium_prausnitzii_SL3_3,Bifidobacterium_pseudocatenulatum_DSM_20438,Lactococcus_lactis_subsp_lactis_Il1403,Roseburia_intestinalis_L1_82,Bifidobacterium_bifidum_BGN4,Eubacterium_cylindroides_T2_87,Parabacteroides_distasonis_ATCC_8503,Alistipes_finegoldii_DSM_17242,Ruminococcus_torques_L2_14,Eubacterium_hallii_L2_7,Bacteroides_ovatus_ATCC_8483,Bifidobacterium_longum_longum_BBMN68,Faecalibacterium_prausnitzii_M21_2,Streptococcus_thermophilus_LMG_18311,Bacteroides_ovatus_SD_CC_2a,Eggerthella_lenta_DSM_2243,Eubacterium_hallii_DSM_3353,Faecalibacterium_prausnitzii_A2_165,Desulfovibrio_piger_ATCC_29098,Faecalibacterium_prausnitzii_L2_6,Bacteroides_cellulosilyticus_DSM_14838,Methanobrevibacter_smithii_ATCC_35061,Anaerostipes_hadrus_DSM_3319,Haemophilus_parainfluenzae_T3T1,Clostridium_bolteae_ATCC_BAA_613,Bifidobacterium_longum_E18,Bifidobacterium_longum_longum_JDM301,Eubacterium_eligens_ATCC_27750
"Transport, extracellular",10.3220777207925,36.9639466898419,15.825588872554,0.0635798225222732,35.7713277730518,23.1307072529269,30.2417732386181,30.5820736701492,13.244773490837,5.87819467414336,22.1508927566976,36.4931620060647,22.0311043874324,16.276066145195,12.484869069963,30.0315619712856,56.7824812213096,20.0028096423004,34.1966921291511,20.0170054394437,17.9467332435555,18.959488025581,25.0034588218348,10.9262275458661,24.5600862339755,56.9831404472917,8.47022379569366,48.580644271584,29.3143888492598,29.4485322099677,22.1802233200934,45.5769515192522,15.7358245655876,12.534748396738,30.170000346887,24.513487670626,11.8732506818196,20.1285896784113,10.9858039967266,28.7877113826717,16.0800474647976,33.5667674387559,34.2833875329044,10.7715333182638,18.8947671116625,6.75434578085181,25.1296972795616,26.9454244071499,12.8088524169774,19.3866237290338,15.5318540968531,13.8261624675487,15.8245982826111,7.50848554374543,24.0897561374921,15.7937818629189,31.9509948397306,13.7719898785751,34.1516145538592,11.7221601693063,12.8971676605762,11.8524351703649,56.6500902876949,14.9832685428096,12.8387368398155,9.01016666062267,21.9767505891599,10.8979468970801,60.0636719482823,14.8371523657841,15.3941247605979,18.1723398823856,23.6876472872625,31.9289952783426,12.5700733368056,24.1074746036069
Lysine metabolism,0.140158261854983,0.143898948200198,39.1691003892203,3.82622324134415E-21,0.13770637817457,39.5338709242273,89.467853069413,0.12323686190057,0.0939187510069373,0.105476413015026,0.0560973993883835,48.739893324823,0.0628307936396924,0.0932422405070666,71.4008446191063,56.9420878245993,39.1884727547881,0.0355260804864307,0.00799672767256284,0.101714996513215,0.128069767681376,0.66476884251663,54.2414088107828,237.323841443532,0.669606063783779,45.7767837319568,180.087261967973,0.122769831384167,44.6395072473679,44.3798614786066,73.9504023125377,51.6010286256723,0.0760858784652616,0.0050973636864441,45.3814553077849,0.0328606723891364,0.0301849144738434,37.6632532653803,114.950173661434,0.358726633204906,0.13680187262377,0.141207430170223,0.00767851432293513,0.0479537867556109,96.3584386863113,0.0994280398782801,64.6820514935426,33.9312829106805,99.8555200952996,0.112777318057781,87.0741197848392,0.12899255440151,0.092145043609258,5.38800990338208E-23,51.8910946434055,0.0388815448625243,88.312132848501,63.4820381169966,34.3417152452079,0.00445320741416972,102.024022077661,0.0718981377679425,39.6133061668911,218.023830520805,77.5175276113116,122.16334495719,246.828341349413,0.119687673590703,48.2145155039911,0.0574592540160185,159.437901536701,77.6979526807473,45.0461888579938,0.00764899443677954,0.0958976334825527,0.154210917210247
Glycerophospholipid metabolism,10.5741737336749,6.92679073413428,14.5446986756545,11.7910546440421,8.33704568357807,3.65204331360115,15.03177632443,8.40323104540035,8.2114404950257,9.20896155127311,8.26261866559977,5.87604539998222,10.6363604118533,4.91506749531315,9.63208507505583,6.90366983091374,4.60660485873347,12.7996485487854,3.03586068255182,6.28141236182612,15.9125469701381,7.94125816959804,5.11617835570263,8.82747929606974,9.54077709183577,4.61560612059099,10.7170973560852,7.88618538173351,2.03136486846452,1.69428881670586,15.08729082959,3.30197817007556,1.70327510174108,3.8910582084461,2.14836979493791,17.1563811314525,11.8150174398236,3.81199384965748,10.3645310712008,9.13376266539961,16.2465559153272,16.6802377498543,1.92125164868217,8.57193793283263,9.42054710452305,10.5954067143869,17.3934546380985,2.93137876699314,9.17060000218095,4.99948921320713,9.32629669915713,10.7564958627857,2.08612336407355,8.08347672307338,3.39255373923937,17.4992835587231,9.59748429616662,11.2042292330587,4.30637441310916,2.92811543036631,9.57621608709785,11.9147028789737,4.87685631712333,8.55722481644494,9.85829154401469,9.55933356843598,10.7783198997591,12.1448939053991,4.51636839406111,17.271700856219,8.82656769131144,8.64752596274545,14.5604776652588,5.74422845822771,4.25163182845414,12.5491938253161
Fatty acid synthesis,1.00608148676651E-15,9.1310367893628E-18,0.0346661670243331,0.00332966419342427,3.33063421784202E-17,0.063624108571785,0.0655024189759843,6.06248703665852,2.5237182015499E-18,0.0421018100822278,0.0112145967856871,0.0579952298353189,5.64751451665298,0.0585166628584651,0.00596361070859883,3.99067591229982,0.0694117871075595,6.88906273624147,0.0760127117154218,4.47153752828133E-18,11.6490730410953,21.8225255824818,0.0768963280341017,0.0031354887378325,0.0106680960075364,0.0550260456008558,5.86633126351536,2.04014132809419E-17,0.0928768303958207,0.108302968114215,3.54046223986216,0.308288887854766,0.029886782350417,0.044110792573302,0.106133768862891,4.56643016632128,0.00472544456019534,0.22246282143374,0.00742504295331376,2.17599143572318,4.21614450367383E-16,3.1657554713989E-15,0.0638826753251539,5.73262863067886,0.0149360505693505,5.13698441758667,13.2600249824491,0.0198880323530628,5.36524390817666,7.71822111937854E-18,0.00883903905229229,4.34289041823538,0.0307722481738437,1.930008521308,0.157507985119961,4.13430892586912,0.0195308055316891,10.5328445808436,0.24485829469793,0.0475772540754239,5.26584247866162,2.84694256798768E-16,0.0743122802243143,0.0781593175285165,6.56179474085506,4.98101121464687,0.0323854601451255,5.06472477072399,0.301306075500347,6.47596168586477,6.1422698578432,0.0133490261218201,1.88419240718958E-15,0.0696006149630517,0.0394593572573635,5.6320098102574
"Valine, leucine, and isoleucine metabolism",0,54.1683609171405,31.550393561101,0.00272481700016568,52.324356279109,41.3853941001369,49.2669625763316,0.0953503584906607,57.5362454508282,0,54.2542582917863,46.2198615120643,49.1504823943123,59.9360986952966,49.3275669617144,35.2520642988384,41.4440024051344,28.7267830628918,51.3378192031185,45.6188444748975,30.257712626391,58.6552109421554,42.6402173296084,28.246705477277,62.991373702677,39.2161262882074,38.3108245121669,53.3915449124732,74.3141338166824,66.8277552535102,47.1076583805621,71.4950809469202,57.4121935597166,65.3106827562433,68.2030888570369,43.4195657061792,52.5424485952373,50.5770903143125,55.9249299069951,58.9657908488163,0,50.9744969684184,69.5382262065891,43.243265377086,23.5065600455806,30.2518480773662,39.1048158227914,55.5723308772392,45.849300820925,55.7074616418648,48.6481703873017,51.2148017278312,58.5404202252504,0.0140415833076062,23.4308069252471,44.2768976957306,49.908847758806,16.6048889313934,46.7520626181613,50.1451904486977,44.418208647508,44.6547673459212,39.8960572363734,40.2861191852256,44.9548877046012,48.2944290412483,53.1230133998582,43.9293755214067,43.6681528673788,56.0003919857301,33.6739228425151,41.8033035574021,53.0122844330581,25.6875915641289,50.3599161341223,46.8302640052089
Vitamin B6 metabolism,1.32801463036904E-05,0.000172456488238356,6.10295613884144E-05,1.0019942407366E-21,0.000447857761651706,0.000111958348651205,1.19728624006232E-05,7.45601689150799E-05,5.94463649216913E-05,3.65059054297559E-05,2.18837560251639E-06,0.000133125143656581,7.51498160084909E-05,3.32313181792552E-05,3.52474142384037E-05,0.000110037026015628,0.000170996118539408,4.78194127515767E-05,5.62638687864448E-05,2.79149443829253E-05,3.99971131657958E-05,2.55871526464915E-05,0.000183977493112669,3.19745512469006E-07,8.51575245978145E-05,0.000162182489267586,1.21586714055672E-05,9.68398577782641E-05,9.49914205284984E-05,9.79644358713739E-05,2.78829735398984E-05,9.88660319779593E-05,2.32213614011084E-05,2.78484618389423E-05,0.000150149696007393,2.23221427439818E-05,0.000136876102807924,0.000184837196071803,3.05996054575204E-05,0.000113747038997741,0.000126018660687406,0.00014110145566041,0.0000575224870764999,9.60888767453666E-05,8.78362435184833E-05,3.39784846371066E-05,1.53208957985033E-05,1.35186583588887E-05,0.00010267949004828,0.000129026007611141,0.11092320787806,9.22105128332907E-05,2.57652434716835E-05,6.32484274783954E-05,0.000134542657656269,2.63873233050855E-05,0.000114043268131451,0.0000718223517883001,0.000172373369426016,2.68142748955794E-05,0.00010771985508938,0.144514348542245,0.000168158044951021,3.24058387008477E-05,4.30809359878211E-05,0.000100791016662262,4.04394773703056E-05,6.36925758496029E-05,0.000127532229475579,5.95027838303551E-06,6.93518273499781E-05,3.83509614269635E-05,0.000271546860698083,5.3825107371806E-05,2.60031363916871E-05,0.000105611479591869
Aminobenzoate degradation,1.00457952346559E-22,,,,,0,0,,0,,0,0,,0,,0,0,0,,,0,0,0,,0,0,3.04106517628725E-22,,0,0,0,0,0,0,0,0,,0,,0,,,,,0.000614853704698008,,2.19899721495325E-21,1.53707596186882E-21,0,0,0,,0,,0,2.27177533250174E-24,,0,0,,0,,0,,,1.12809077682974E-21,,4.50050855160767E-19,0,,,0.000262309996441216,,,0,
Purine catabolism,0.129689171380901,3.75143681713554,0.227213753265024,4.47290576905396E-14,3.68475848302597,0.611497845019689,1.72786150200754,0.918589264137482,0.760025932815907,0.393880963337514,0.033110390917215,0.777038612846659,106.934060362018,0.821256816722942,0.12505091041443,9.87852470859471,1.0988671376701,89.3970234971475,3.81662101483113,0.802567142289874,6.44643373337561,0.397073960629381,0.937743571078925,0.0181117371606311,1.67876528755126,1.45388199333322,1.44002671221158,4.075407094822,1.78797613746881,0.917671641409069,1.20455437849422,2.0483642693511,0.426290109010893,0.743487657270195,0.92704295985446,9.59565939041509,9.46702461828821,1.09113912805231,0.187251226921058,1.90518468491573,0.810949361219686,4.73924675010196,4.18936051394678,0.394798770597685,102.841807158551,7.5800109605469,0.399033526726334,0.244560789317482,0.546109205177568,0.542988757292171,96.9562787983298,0.512900158151565,0.431745199732627,5.61047535734889,1.99766858655179,9.03009676373565,1.65440311267347,0.299253936489559,0.887596705620783,0.858645063365873,0.609503297726823,0.39364335179478,1.45378504735896,0.874706833662068,0.404160689366761,0.576196428161126,0.147858376912604,0.30009825366474,2.97004180135831,0.52792510544176,0.232230830699249,0.944790884001969,85.8462292007048,3.8911553454887,0.808178310386984,114.415621676624
Unknown,0,0,0,0,0,0,0,0,0,0,0,0,0,0,0,0,0,0,0,0,0,0,0,0,0,0,0,0,0,0,0,0,0,0,0,0,0,0,0,0,0,0,0,0,0,0,0,0,0,0,0,0,0,0,0,0,0,0,0,0,0,0,0,0,0,0,0,0,0,0,0,0,0,0,0,0
Pyruvate metabolism,7.66889957525036,52.1515862648476,20.228447282443,0.00134782618164029,57.1438960451725,9.09018395409683,73.8031785691731,50.2427851713337,41.1464223470115,16.0262158388572,1.71739985530762,46.7542231608331,107.447195746565,43.5044257700838,6.9020105022566,32.2083115871707,8.97220674958327,92.0245291986979,58.36072715584,47.1296376688476,79.5773935876391,42.1941914509026,10.5506630407036,0.0443719716460427,88.6340342830531,11.4973695439896,9.79497000016254,58.2930079111812,24.1943945375909,26.4160335553498,64.036656469058,13.2804209355898,41.5435914768215,47.8227644067407,26.5924467272103,17.638300097765,132.960798936737,14.3280002349913,11.2272494373869,97.159675763178,19.334865343772,33.6353204828393,47.9301957045252,19.9240655068977,78.6567964499138,14.1289083996653,7.21942255766036,13.2677146596304,18.0931559518752,43.8522375865284,56.7330072456152,22.0472941582957,41.6111973609735,50.7402240224915,7.38302492897114,21.6467626911894,16.0508964882008,80.8299070683607,13.7982073047094,35.1467973953649,18.3563636145797,17.6807793595737,11.3424423586066,101.725870671088,9.42147819802139,10.9248844327888,28.7828822566934,7.35158967936378,9.4924813544532,65.7532536032616,28.3294125949429,18.9439120521619,97.3991809189298,44.1660161982888,40.4670118672919,100.606795455689
Propanoate metabolism,0,1.87949425256438E-16,0.973715013087057,0,4.28601075015341E-16,1.80025401346944,2.04931671969525E-25,0.672736255068148,8.78162536206178E-20,0,0,1.54591847522159,3.01009201668139,1.86110641992989E-21,0.319986416022863,2.26296498185948,1.08411971010088,9.64972065068069,1.3018143938106E-23,8.99415329918594E-16,0.635214010116987,2.21025876995731E-18,1.37290055674164,283.00206412089,0.0107013718058392,1.41243923196723,2.27526987023542,7.46810064450906E-17,1.12691615854285,1.13538247171263,0.92115821489745,11.7093780059087,4.58632112614066E-19,1.35716930135588E-24,1.56720078408099,0.350900528652389,73.5985006154718,15.127103445725,0.376719817415469,329.846157691049,0,0.971672098898257,2.6367575506785E-23,2.61623757760046E-17,1.24125253833608,0,0.564863281303265,0.934816872977093,0.818424636987575,4.00064690734358E-16,0.849349345744985,1.4280234917566E-18,7.37487443937104E-25,0,1.70534429340108,0.367724592035673,0.406015123408303,0.498171757761667,13.4347933940399,1.33150970928621E-17,0.735644669811465,2.26692125406082E-21,1.16873800344106,481.338169032462,6.33985455344794E-16,0.656438749284671,327.995453321368,0,19.4109506472119,,0.371268612538703,0.330061542420763,1.19148797823888E-16,0,3.51447610637948E-18,4.93615672482615
Aminosugar metabolism,0.0121473903263426,42.9095061170559,0.00120010285781956,,59.0613081118955,19.1440663862464,0.0171759893534196,0.95413011860152,31.1375971588246,8.33327828230408,0.00189547854204447,5.83188889322299,13.8485519324262,46.0020050533337,54.6557905706544,5.39573497411687,27.3239598907372,30.7014541672289,46.7815332927993,62.0110872867248,0.015381139127814,56.0028850875324,6.87276925629636,68.4968591871336,54.0226552212122,20.7008307967802,16.1656097813767,37.7032453905076,5.88178627003826,5.31724623772608,5.34220426671808,31.6926200864827,60.0600849638692,41.4450599116433,5.83395586214316,13.6145532277598,17.2490198784047,20.8958959532553,31.0244255924189,3.48906918219704,6.85934418592217,43.7724505902435,59.2701316345152,29.9158693299859,17.2898685537031,0.00139704870725909,0.153124717849086,5.50847039138338,16.4311276651852,65.3556584002831,59.66318190495,32.5749804240475,69.0019909697611,7.86789804892212,19.5821462828679,42.3798041959485,41.1459478367121,15.7078911582603,22.3199803281752,57.1991957603319,16.5498307147178,35.2423102668153,18.979370758719,0.868985356788902,45.8089270688705,34.3643459590692,0.0033520843810121,31.3087057510932,16.1420259109619,0.000178146187435118,36.742359902158,19.8879323877582,33.3893600255475,60.2819096146612,61.8539877011867,13.5964178085083
Arginine and Proline Metabolism,33.9447031154535,40.7154783970664,38.2917167309701,0.205137481166634,42.3311442981885,17.1091349671583,26.2321460250797,29.0513973509498,50.852775427822,26.5403699751365,31.281287807834,25.1408967247052,55.9813267686238,38.2000150026256,30.1316863949093,78.5760912728315,17.5565618292146,36.7840294033615,31.5320847428863,43.9266526769805,18.958349251573,40.0374900050416,17.208728059829,31.2023903915389,122.467062490624,33.4712950519917,103.775877153047,38.2236780621994,23.7309312372708,25.3254003504423,19.0665817978766,25.0290416986474,28.5510176840491,41.689109370068,23.1222866013021,73.9065604065235,113.566518426675,17.946532050432,47.8491863842425,24.5547515605523,27.0745196734627,24.0407966295085,27.9927872853512,27.4502497748174,56.3119051697818,37.3978630949113,114.229773496671,22.1308684181502,45.1900745100396,49.0035129065142,82.5796614601657,33.6897152662718,32.5867014587544,0.141133216608337,19.8968607783898,61.2820701544615,32.1838938630618,65.8965867660255,15.7641293498636,30.9723176972216,47.3257180876927,26.8300291811994,20.8719114912739,35.5317626956239,32.0461160806395,41.8523905637965,28.546223661506,23.241052566922,0.763443862061903,0.364293444816237,25.7663422554516,135.352499719546,29.6693690442063,35.2962287339242,41.1621536493196,86.6091589082044
Urea cycle,0.0930515351605544,0.781599005824648,1.09075250453923,0.30770622174995,0.854510609535426,2.12141442557752,0.386637537001153,0.0473361480047703,0.859384384462983,0.168525118371397,0.0179634275521618,5.28539392369062,1.83494893772988,0.327922793238743,0.510783266184853,46.5284538371055,3.57239875254768,0.732944716920565,0.532323337120785,0.625182537806057,0.140030780409021,0.441448893777734,4.6863073704261,1.44971664929438,90.6003454575257,5.33240913718556,62.2272562183489,0.683836026772206,3.14854911131322,3.48902430707798,0.738403676786492,2.9821101945439,0.325270956473141,0.186242120473653,3.51596021874038,0.355202853198273,109.62170673664,2.86166072368882,0.146190650981368,1.44917192951263,1.05104321869925,0.669357648929879,0.370349213721432,0.244549635604157,1.05179105759166,0.109520055732121,50.4254290063728,0.429273799191271,0.228409411050795,0.494658317374094,37.996285254345,0.192954942994144,0.381413589791157,0.235222027680562,5.34926541612845,0.512650056934987,1.50368536912346,1.88398758103416,3.09156442352209,0.172613841761836,0.173798913123335,0.030204942730741,4.87472967996519,5.40647795910466,0.377038054602052,0.816384915087488,0.181894810483742,0.236572942026102,3.19235406573081,0.136887704126323,0.0715102787982609,90.1486477005781,0.428202459852697,0.339205597502012,0.187792741254371,38.7870950273863
Fatty acid oxidation,0.893904674881909,6.47026161545173,0.691269048774251,0.00359420315098941,7.31913215482611,0.260159400040523,0.13026580672758,0.527652384165898,1.91492909896399E-17,0.532474453304005,0.0481202895165337,0.31034198020811,1.17462243893724,0.20980254453727,0.115541767257087,35.4138155642383,0.302213069015045,0.229403775257449,6.91728398996908,4.91638899463301,35.7282472331773,33.7072535574561,0.303363651661446,0.084183073494349,1.06213759791722,0.230890688324778,46.4897386386392,2.69611425722379E-16,0.348479215527438,0.399273313748748,31.203207013504,1.17843805976731,0.140713792356041,0.13041666277993,0.384479985985592,39.0075895164672,0.0903032455428608,0.907842003618952,2.61266531778584E-14,15.645670100321,5.57048374727711,6.46939216982531E-15,0.505735913687161,0.240993889190936,0.373591063233079,43.250397233736,31.3876623904644,0.0561086523619612,0.528501847212093,1.14388456900418E-16,0.200857562228849,0.141040419837753,0.143011528634039,0.256528424507247,2.15922576939559,35.3116893947209,0.439613681807555,29.6092503871531,0.987875419206602,0.172853909044976,0.518664941583001,4.06294206996492E-15,0.323794509944658,65.2354293486324,0.169988724646831,1.69730975879928,0.483624741681386,2.69787298238453,1.16945642748855,5.7850538761269,0.21222857447876,3.23065319379468,23.3459338585165,0.531313975203904,0.159541779489399,38.0776150497898
Citric acid cycle,163.728942497935,163.417522430217,211.088918561041,,181.98064055731,118.490993213497,131.011782167111,134.401552821981,148.300543838715,70.8869952613439,157.71692099753,169.431284270566,192.769150376592,162.805551989139,144.562827097312,145.046236489811,148.270746870117,27.3763366792002,181.81475938785,201.713357686123,85.4173397986128,155.873371686964,174.900219710257,106.735420736048,191.765228264742,135.69333826064,212.181325708436,146.929983289641,142.809895524331,144.650586013373,136.182515138596,171.301758505613,158.934193367955,133.371847110415,139.640412888207,168.788173436357,0.564923291841146,156.961899514536,2.963250670399,170.703363574546,0.499604438519467,141.123738460025,138.10750752537,4.38340351532231,163.063355085137,57.5411612796813,256.641109148141,244.47707993405,181.126713265004,183.063590778076,85.4670268782742,10.5904546132253,147.158026242827,81.9061718414942,185.203414882167,141.874030021515,98.861304685659,202.313855470108,130.295626160618,183.960901645753,145.657784838241,65.9305453285105,139.224431949099,201.844036105438,128.199980783728,134.643252280013,129.326010804904,125.313115228531,189.429716995394,64.2799821384943,153.849681893996,177.666524668756,145.146734041605,154.376536001046,192.614507173797,169.680595561921
CoA synthesis,0.000170428544235189,0.00216802442357742,0.000549752151360128,1.81126002776707E-14,0.00563021186074358,0.00128612159918624,9.11296779864648E-05,0.00106895401772443,0.000562858743150821,0.000492391517153417,2.41157546245563E-05,0.00149414548076811,0.00064294847964111,0.000365544499981832,0.000403857873081763,0.00126456727254703,0.0019952765917182,0.000458715673391896,0.000618902556635943,0.00035093072940499,0.000176280966431769,0.000304805529572257,0.00214735799549683,2.64025354215876E-06,0.000968659195056712,0.00177710410750451,0.000193953983322934,0.00121741535492179,0.00116693027732529,0.00121657089659739,0.000449951922910902,0.00123918987720971,0.000255434975409452,0.000292626663472536,0.00185430819258511,0.000238800510698087,0.000938952536215232,0.00208695412802091,0.000358199601779429,0.189913833895569,0.00145641247671137,0.00132056626917033,0.000632747357840339,0.000462112407580567,0.000983272512055745,0.000345136138357483,0.0001718446387202,0.0464445327704638,0.00119229675189705,0.00179608219220897,0.000659608101036256,0.000828474139139692,0.000283417678187007,0.000320525294462562,0.00172035194928081,0.000290764918515599,0.00113017301770457,0.000560158779170285,0.00200524244463453,0.000294957023888857,0.00125085026049778,0.00030595367265361,0.00199815485253563,0.000284597226084678,0.000482160963578363,0.00115060900919811,0.000351183217962169,0.000652163235174025,0.00152604901025546,2.58232824604619E-05,0.000571287413549238,0.000288763341161959,0.00254089327415982,0.00059207618109669,0.000274703449457868,0.00136367283516714
Glycolysis/gluconeogenesis,38.085693979949,84.1561054673419,24.4948394838141,56.6810452332631,68.8105778738663,55.8572471859262,55.7078784150965,71.4713543523245,78.5979676078544,53.4561771654282,37.9589904451558,54.1610836935162,87.5470219490712,53.8536279854347,37.0180817417398,58.2621867394445,69.1435484255655,57.3125684204865,82.0141223544426,50.6241576352391,22.0568410163849,53.9197737220382,51.0558345416475,37.8626229011602,79.0438169803128,72.6671187142483,35.0887559957517,113.790745629296,81.8697500671647,78.2172986376168,112.356952073165,64.9224119730829,51.2066863547921,85.3089606531792,85.0047830918092,55.4794336541385,80.0497922155768,67.8775252061523,28.8758440639839,69.9942555556453,44.613454845458,39.2919841805175,98.8126111937918,35.3607601375672,84.4612974472618,24.4043975039228,30.4627018812237,30.8526867672533,51.098934780213,66.280440757971,46.4312568876113,59.7051112388434,53.4063837175093,48.9740314897568,42.009020859013,65.9115566651548,52.3588547840097,68.2863782510654,79.163490974163,64.6696418830211,47.8824150416889,44.0200592474071,81.9220075087113,87.3252763775739,27.7065717383894,42.1366553356094,32.1334153844283,52.0808571209524,66.9687156687843,42.5629329579882,40.5049411899986,39.3051944233866,63.050975144286,61.4985388539138,62.6067352843035,98.6035817667824
Folate metabolism,10.1256857262436,27.2823160251111,33.6884790139081,2.97583734713394E-14,16.3522766457272,30.0652493393094,43.4088777520058,16.3439948378827,15.0474481279462,0.781028696686562,0.000334182428063815,17.1516840728946,13.4361397096314,13.1115043055642,17.3096169481948,29.8722446994812,17.5800968603168,16.1781841351449,22.07916596024,8.26100626501153,25.1369868574515,27.9660209934019,11.4871244056368,56.2681019689321,12.9178368064061,20.4193257113998,8.937869811825,32.4798293382155,32.3082296984734,32.422073502141,45.8946815214938,30.2461637511984,11.1233509014761,22.008567386612,30.565307661148,28.4015883519213,13.5592039293244,15.7509846249889,32.1611819903297,26.8552099433905,18.2421754202717,1.34124484921455,31.0580604082603,13.6536622234051,27.4598979174282,33.8220094141028,12.4060266329433,12.8254519381556,21.5195925977124,11.233394891213,10.9301167199896,33.9050680982823,12.6291313685834,38.6219866647305,30.7756893876806,39.9857429936003,39.1398523344742,36.6184440515304,19.0585366829842,10.5475820491374,20.2918888782451,27.1241677699943,20.2601153241611,82.9313621382543,20.8617507414675,24.4727066060231,52.4577094531658,42.8033617860384,13.1676847054386,3.6221028965623E-05,33.9654328799211,26.4468496400283,25.4184523187991,14.1725511700378,7.48480093730478,16.4778444116371
Nucleotide interconversion,76.940395807139,67.5808078875682,50.8864716047548,121.34087454474,55.2538840372631,52.6551737226441,83.6856676494788,43.8154279660765,63.029613170439,72.2121940303346,69.9803015032706,51.6175651740899,66.4328451246148,53.6099614694877,96.984789506149,45.4937961130408,56.2090097487712,47.5965344183319,63.0974436947969,56.812878917176,7.88106684019512,59.9193636811627,59.1993308395726,15.5075323544432,55.2831236430059,56.4778348093736,92.2048500625919,72.0690405698617,47.1077282706203,46.7843315666631,58.5545120028344,55.0076720212385,52.9272880498016,68.1213238220899,49.8584605360634,69.5264428346819,61.4374062729355,56.6239570396551,67.0125616910732,47.3968159426948,64.1651519730081,64.2961784595077,71.3023929722771,56.1705689655053,38.2106237178062,10.4979741206574,65.5163518858602,63.7126029050536,66.4169651857097,74.1748263867711,72.740419309297,58.3445760501236,58.205636797818,55.96669648448,55.3555074442478,61.8306467148962,54.1431462016961,29.4495690905786,49.5196636768926,62.3647264221822,64.711482558222,49.9775662279822,52.5401576302302,57.2274075959314,79.8832834480941,75.1590097410217,56.9198822674735,59.0466705152843,60.4299573761576,0.431466974467354,48.5838869020189,44.30777030978,74.9225768734586,8.0398165793438,67.9229186587877,71.9808837677509
Nucleotide salvage pathway,0.00120521283875202,2.23220209024918,0.344478745273445,1.1844608624514E-13,2.30687512974231,0.657939077215421,0.00618592472716106,0.913225017210661,0.520198655625482,0.00434775007259973,0.00761686537913317,2.80720297536618,2.22488285371494,0.483315603065886,0.00531684817513702,4.5111015664491,1.23502248303846,1.38189805812721,2.33089363534091,0.525330398235587,1.33635878156749,0.141133972765356,1.1273388262797,3.36956437882271E-05,1.28200231120155,1.62825335098316,0.432777843719547,3.28956667404434,1.91951441207642,1.09973956159908,0.00932182776347622,2.98543012425835,0.049690067415487,0.422756652184004,1.1235042237261,0.603170150989115,1.86295904818724,1.35166713731315,0.034276700792744,1.00549252091028,0.426348003022264,4.90315031352128,2.6162360551881,0.828259124488035,1.21315492210896,0.924342562127077,0.486966262338015,0.105664998372049,0.787340404547384,0.0307111599759422,0.468607816319688,1.01167650024205,0.0410870189202023,0.784810858980288,4.14558702040889,0.674512100359245,2.73317318993654,0.0643370827019805,1.00628242220612,0.616771415406926,0.783298279350409,0.709900437304694,1.64472832869118,0.0332108659150667,0.00562389588392775,0.828153890145171,0.00496093621388567,0.473995851123306,3.57529356731585,0.045596683483075,0.183345103197712,1.2123264800792,0.95119989784398,2.38134363515152,0.543963894305342,2.42011517901048
Purine synthesis,0.103647565109542,0.670911599950595,0.14912214523314,,0.724817987023211,0.697371224187192,0.313508863629698,0.258165770516651,0.231949485808324,0.127593245505847,0.0103877268012604,1.0591487569684,0.366901857867128,0.29646998686949,0.122432118732418,0.825368994939882,1.1023073692017,0.0506087795698019,0.769494732856452,0.212855407789315,0.379189988954562,0.227398109398082,1.10874275897172,0.015274306623979,0.0158120887856599,1.26493426054232,0.0671614616323683,0.996777259992973,1.41307124088153,1.04567195770165,0.409640925960879,1.7955929246782,0.236428307282764,0.27025072979526,0.998078331893402,0.136473797358077,0.375546180953542,1.51427220378381,0.140970268387231,0.62968920500557,0.198495747030527,0.939280714043306,0.780757397484501,0.210422314669143,0.0939557962513734,0.20774513897665,0.142246753849565,0.0946508500951726,0.13720416906967,0.197252185153457,0.181589703539764,0.238571718320478,0.228837729505099,0.246502606035534,1.0798984025385,0.230231641965117,0.742147464914953,0.146201075664074,2.46305571839144,0.233450549591142,0.229971965740409,0.148744762763855,1.34079972387051,0.345219706521638,0.102134380112903,0.509997568234017,0.134126380473418,0.14387484999884,2.26998572093882,0.103449146469303,0.195557203119849,0.0714803308100124,0.21397833732551,0.756987161796575,0.223900885423012,0.188070174559289
Mucin O-glycan degradation,2.64937033382949E-13,0.00305521901906466,,,0.00279503280611909,1.29339808995333E-18,,,,1.52869828421063E-19,,1.51810118665845E-18,7.32130909898399E-19,,9.59206835137237E-20,9.20762019078371E-19,2.70007340898915E-18,,0.0028774388566623,0.00237553034884114,,0.00266894104081137,5.53738741685644E-19,,,5.85374891242284E-19,,0.235442564835609,2.4086791850163E-19,8.07354694511887E-19,7.7348776475102E-18,5.66976781207268E-18,,,1.74215521113502E-19,1.56052654559663E-18,,8.20732638259104E-18,2.14376515512244E-18,,,6.85057605754744E-18,0.0029471765803567,,,,,,1.77021235962882E-19,0.0011776505202165,,6.25666772965423E-19,,,5.57435236397708E-19,,1.06432996020954E-18,,8.4893659272925E-18,,1.28664722090668E-19,,2.98876421290382E-18,,1.25205477461839E-17,,,2.27390321248088E-19,7.065106111426E-18,,4.56343133591824E-19,,8.53529824405358E-20,0.0026993378364451,,
Methionine and cysteine metabolism,8.4510021934772E-06,81.9878684309098,0.612563733356932,9.48638399886358E-18,73.0925417192061,0.0110915509914826,0.0170471869865617,1.09291792902864,72.3867423439763,2.65497494034636E-05,0.00509007382682677,0.0166780928080247,2.12734279001234,1.18164478486884,2.56344830831275E-05,0.980632164215689,5.89830801525262,0.0868773356757291,78.7647092974025,69.7277800718246,0.798053885256354,0.516017353871039,0.155737383328826,2.90968416644026E-06,79.8872086193385,0.0147449746536911,0.0680551535244831,89.1373240616157,88.9085068985513,7.09661696427312,11.684120027941,0.609557000413955,0.564040152549419,0.96788967650218,0.0116609103380062,0.769232223499505,124.08980893439,4.35682445310536,1.97947214095703E-05,128.987274887487,9.16499350459135E-05,0.00284734354199912,84.1041937857773,0.0167235960584622,0.0211699894055706,65.7849330131264,69.0190480653883,0.0942731693094678,0.0786227997031471,1.14800744036172,135.019343007694,3.29323260132899E-05,1.40707210244452,0.0394014127595164,0.0387377917093719,0.446505363320628,0.607352013557819,3.35170975020355E-05,5.94109847629874,72.3435695291928,0.0761047186890383,67.3395547979043,7.62227321167223,0.207197016943122,2.98252633766114E-05,0.315044546926801,0.0590007287317119,4.05316391771213E-05,0.036017434271941,0.0103101152687521,0.111274828410019,0.85136849003168,0.0275885072999529,78.514211972008,73.0723910231148,0.117603398455473
Thiamine metabolism,0,1.94677388121618E-15,0.000217962719246333,3.95559177604851E-19,1.30339399427075E-15,9.23418087274595E-15,4.19871953297351E-05,0.000245949477475391,8.5621303722643E-16,0,6.56512680446997E-06,5.31946111527768E-15,7.60542215380014E-05,0.00012587565171377,1.29193094918705E-14,0.000507470126323047,7.44016384841707E-15,9.5638825501811E-05,0.00016354621056748,1.8242885204125E-15,6.55342524494559E-05,8.76394482903528E-16,2.43969010445216E-15,3.19745512402719E-07,7.05305609297508E-05,4.86978859824852E-15,2.70192697918339E-05,2.8307738173931E-15,0.000412841753897888,0.0004304545673313,7.42758251981985E-05,0.000499174822942151,8.79692388184105E-05,4.87348082244672E-05,0.000566190346063427,9.91249183753275E-05,0.000113595941528052,1.07314075712617E-14,2.82880789034696E-16,1.92742716881066E-14,0,9.91926326816944E-17,0.000166177975521467,5.49079295691763E-05,7.68567130811061E-05,4.7569878492496E-05,1.34057838236585E-05,8.0314401607862E-05,7.98618255941773E-05,6.70792977910026E-16,5.96787832725836E-05,3.61458549530421E-17,9.76388709268519E-05,0.0001686624732757,0.000647317478943336,0.000120991232701788,4.12321282486623E-16,6.28445578153587E-05,1.46889809068673E-14,7.58304228124796E-05,8.37821095150515E-05,0.267224806982646,7.33024947983656E-15,3.24058387010657E-05,4.31144517911165E-18,7.83930129706187E-05,1.63178361729599E-15,4.53775462666107E-17,4.03725982360726E-15,4.46270878724903E-06,6.93518273499626E-05,0.000196732497342796,8.29957606132594E-16,0.000154947396157412,7.32411990966295E-05,0.000105611479592322
Alanine and aspartate metabolism,70.3537237099777,106.981876828437,95.1643513947373,0.0136616002171716,87.2301446380912,55.5239158054148,79.7391859801322,63.6429794723965,88.5065737351296,5.02870672483817,80.7452061806696,53.6860719614384,99.7981769223313,80.5007599285478,77.1931668723547,60.7580873420389,57.0129282092544,6.14282963848461,109.099918579375,84.2045795166334,28.7686868823068,111.884269411965,54.3318078891298,0.0966037811777287,84.7996611993399,55.3637263535437,51.5286585986068,84.2998534434477,93.0406489367387,61.1243870589821,73.219023526029,54.2474493969361,95.2001760288518,93.4919427598979,58.242089480859,75.2398803643208,12.2064871822778,64.4426562836868,1.67759871487637,53.2460793288272,5.28963644096362,180.195649640059,84.0713608225463,6.90052538021596,19.6660168768978,4.45147566141575,63.7139787314669,53.7604048120041,61.2351814976539,74.4182955931323,47.3832712846488,8.61294820003889,89.0802976941795,19.6257095757456,60.4085365332487,79.5073734130137,12.4956915795399,99.5616828235525,54.6036570356799,87.3931974068658,61.6008548353253,28.9062301554366,58.1406290463919,25.571340096586,117.991839632949,54.3073188619036,82.4607819127591,66.3662387534237,57.8169039435498,84.8267177108735,21.5207690697122,94.8793087394515,17.7646407244446,79.8807605673376,81.8469276107063,101.532634920291
Peptide metabolism,1.49981960589122E-18,1.00260143364931E-16,4.80610742915304E-17,2.74804014059411E-14,3.14198438870698E-17,0,0,1.09171347896537E-16,7.82062088291069E-17,5.0610053479876E-18,0,0,3.98586694263934E-16,1.34417849536953E-13,3.54508905723455E-17,0,2.68758348717792E-22,5.29853202212993E-17,4.16292504076203E-16,2.82976392840819E-17,2.3298262631674E-17,1.34965337157231E-16,0,1.30755458077357E-13,3.02735381882057E-16,0,0,6.29709382301255E-17,0,0,2.2755247278954E-16,0,4.85081551423797E-17,9.84953029130833E-17,0,0,5.06500815211789E-16,5.66228423040316E-21,3.46005311589076E-17,7.76538783236324E-17,3.79585720885578E-17,1.24259526323218E-16,2.82909992479938E-16,1.54255062038841E-16,1.14842852644781E-17,3.39604080424587E-17,0,0,1.24865471600952E-16,1.37711766492882E-17,2.25895212868721E-16,5.72927016580428E-16,7.02884916383732E-18,7.56615987594203E-17,0,1.28621828836211E-17,2.09765623650287E-16,7.42763991566389E-17,3.69977711285676E-19,1.51049571819804E-16,2.22606879771854E-16,3.69200760777386E-17,0,1.47037563149812E-17,1.6576654912348E-16,2.92295995509546E-17,1.56206237040409E-17,1.28394163292011E-16,1.1530475960745E-17,8.28043822384107E-17,1.71554559624689E-17,4.91246132943918E-17,3.99041680472753E-17,1.14718324902557E-16,3.5498411580406E-17,0
Starch and sucrose metabolism,0.0982899998982307,0.0100174126002783,,,0.00976390688227672,36.8836509436671,,0.0368400728274434,0.01244760078434,28.6468712590322,,25.8272138211821,43.8763993300664,0.0276046441061495,21.2590053779148,22.0654130871605,24.8365087714821,97.7477765098795,0.0132963209329472,0.00830353903954914,0.120624018450128,0.00912994162265226,20.7864347577092,,0.067042443504277,37.9200424026979,24.9417542564193,9.19195996405411,24.5958318679579,25.3681544562048,42.613876069799,20.819185900658,0.0122589189373485,0.0438496862841502,24.6458803017648,81.2890441355293,90.1355217563227,26.4469220536687,0.151817087862501,20.2402463064916,0.161549753614131,0.0836293824237437,0.0124781223971854,35.628533231696,27.0625833768943,0.260469845261333,0.293887503140167,27.4718955515641,31.083684247126,0.041009300688957,52.2672362519722,17.3815150507188,0.0122309167344189,0,19.1498941567781,115.567959385225,25.4051010773143,49.8914375143516,23.8339963393815,0.0118923807131338,29.4270250349337,0.0688269860164236,31.0637062936945,0,0.80945338056711,0.385507769095097,3.11729490991702E-24,24.608205620891,24.1511461990429,,39.5398530890381,38.1022551127238,21.6046302893963,0.0102013616635216,0.011452086919756,75.8884271621498
Biotin metabolism,8.08959046177507E-15,0,0.072957137993259,,0,0.0767526280350856,0.280811358226851,0.311417442575696,0,0.477960840459307,0.0587719255496716,0.026359487202508,2.1385259011708,0.626249996749131,6.45494065349263E-15,0.113677582765093,0.0873655994315933,8.62459091669592E-17,0.893966409871789,0,0.365582173475094,2.18935682973529E-17,0.10026662684582,0.032293908672918,1.88700853337917E-17,0.0758258264729041,0,0,0.124063159256243,0.138283646327611,0.125383323499431,0.366312028560301,0.243164393920633,0.528080172104032,0.250007822306332,,512.522718618936,0.272649602451948,2.58467092818061E-14,0.0931673913999522,3.93970049914538E-15,0.00377399591459096,0.749585570131161,1.89656511976397,9.20767586357174E-23,0.470727136901025,0.428407314727191,0.0894016493296809,5.79102695291135,0,6.2491914515729,6.04030278396768E-15,0.250008161525057,0.834299634837412,0.175974753244215,,6.238916746291E-15,0.40319879979241,0.26062519274111,0.558784520037113,5.07300093672451,3.94114592495692E-15,0.0782787258391229,0.495355432613835,0.0124564390166093,3.83222722234364,0.165976820055543,1.34347986516967E-14,0.362322804266879,0,0.2273100635299,0.340129582407008,2.66628640173365E-14,0.817957453066554,0.462642613602601,1.00380307789896
Glutathione metabolism,0.627283396510802,0.749087769762594,0.343672088708335,0.0913708555249084,0.691214932016382,2.0943761448469E-38,0.422319537457881,0.909980032880622,0.703401531834913,0.925220904711526,0.000148312712806781,0,0.500801456731819,0.85235471909823,0.589083062099184,0.0135868003212195,0,0.358562973723608,0.744352730568372,0.659930848315388,0.199413228921035,0.578705090850176,0.331680430003237,0.0391211485074303,0.551762484350654,0,1.1048490342249,0.806706362367717,0,0,0.440074350652506,1.26095568282048,0.265916852305645,0.654568630499635,0.0249764026848566,0.483943819044758,202.935017016028,0,0.888145311025433,0.125272402907556,0.456948980712858,0.930182823011656,0.886005991275666,0.401501463887579,0.781785399979965,0.933201165298237,0.651814846470677,0.403403162552584,0.835449442486339,0.598993245652025,241.610145482063,0.886129312887355,0.420787440632208,0.40110765103614,0.0244261890093106,0.333133965965697,0.747891865628386,1.06594680561524,0,0.691141469589608,0.891554385470935,0.000534863967328889,0,0.158295807516912,0.852525172205951,0.702841680088778,0.49390439259846,0.773193077675997,0,0.361748812048787,0.319319787144728,0.172632391083874,0.958910108189152,0.768362800219896,0.710100555618237,1.35306683832273
Tryptophan metabolism,0.000384875932207995,0.103857927894038,0.001094174010112,,0.102194230054593,0.736778011385081,0.0633333564025894,1.95457715655628,0.0728323645639418,0.0048692559351252,0.000117129220703451,0.00348736757870583,1.31663364710654,0.0668777679195811,0.00105418085821672,0.0062729073072265,1.11795152865346,0.637452973683476,0.117115746238463,0.0556520040813519,0.205929575462364,0.0482289324302474,1.0896979002386,,0.00373013990450298,1.32497033019858,0.00108684908769228,0.108284096592514,0.982500327715258,0.989768436244482,0.509582268176986,1.55016124491054,0.0604708028836049,0.0699254061100118,1.13489514724649,1.15569725071186,3.80555339339382,0.00479866479900266,0.000811125183323513,0.106029777068094,0.0509323053963547,0.0952404335826216,0.106815490687258,0.647469105911218,0.00272554525477659,0.00108207595453623,0.140580422485172,0.516780642119966,2.80031063569623,0.0709061352066148,0.0344675894022038,0.738311054593715,0.0669947287558428,2.21863641962912,0.00881215895728901,0.232622068565095,0.00332028981070602,0.474009246690061,1.51054790232175,0.0538214364558286,2.8381030499742,0.00397696114519043,1.42017051788688,0,0.313268812715287,13.5428715032191,1.4379927502525E-15,2.20789631847147,3.57998275004935,0.0525017062007092,5.94554065284294,0.0630251222635772,0.00286383447932613,0,0.0576803769025608,0.00335743025654613
"Glycine, serine, alanine and threonine metabolism",95.1734003847257,52.6358878804251,74.5113754110854,5.59248786301531E-20,50.0343548095808,57.4624727816388,65.64457637286,90.030196831323,33.5978906166328,70.0766942285843,72.6448321206838,58.0924253902455,65.8228846023451,46.3480316763359,47.261359445427,53.1641712133544,70.1275650324336,50.3426901327362,69.710228842875,48.0434306933382,52.8090781105328,37.8612875699939,31.3993567501519,76.5012671437225,105.08928667227,63.7668810598543,43.6761590105332,44.2194876949656,60.4049242855995,34.1701024020356,37.4014899642411,30.723925919576,40.1398821563864,36.3803534124159,42.5597498357123,40.0570714002397,31.218096027374,33.7373340208534,50.260134563785,33.8753669647789,43.885275481162,40.6139127794777,46.0451113937804,52.5081159967622,46.8980232783941,49.1057295710232,68.2423450330514,28.6210473062991,67.514390398762,49.2148480618949,71.4403765506736,49.7801650995562,53.7938119281167,53.1069083312601,52.2977344197837,40.7209911145699,41.1681095362538,82.9637010046727,54.6500821348996,51.4526207329082,71.9261375112203,46.7997618509041,65.5529566459733,97.8423176317423,56.260959243072,60.5295616502363,37.6616939722183,54.2337258251595,55.734950805943,48.6043006660941,37.939973726301,81.3394728463918,62.4301494320356,49.6172906851063,48.6671011504874,61.5691708672117
Pyrimidine synthesis,0.285715226059894,0.689784308206938,0.148402437794134,1.39994856132333E-13,0.537628397469669,1.33771463673544,0.050404895782376,0.474486587608413,0.15003747401558,0.00340848106567069,0.0223869552870928,2.7827722035692,1.16523993753195,0.283059492619555,0.0728544169664716,2.11864565266713,2.70353718106849,0.68336607905669,0.0278573970886276,0.128060382911954,0.695611262562538,0.381885840252878,2.09444897208987,0.0140012870069368,0.52765627779072,3.93035688871027,0.273286595709561,1.12096671520292,1.93296971105192,1.93488619854283,0.0175892435309491,2.3073515392849,0.262711564336421,0.414843273844743,2.06792808776665,0.396682096099487,0.878460279478049,1.11960413711467,0.00110810275766002,0.764510363127966,0.154769578589611,3.80759317538447,0.152031077364831,0.44400591752043,0.464129912441468,0.271922794448366,0.439789308255573,0.196795038511207,0.642362260576105,0.10812661819772,0.22354414404532,0.49859960748791,0.242746546360931,0.728860541144299,2.20826943438027,0.486071987350698,1.08181239810626,0.261346390187338,2.19297379482601,0.014282780211014,0.618966270465606,0.480817423888024,3.59261688591071,0.164085110987951,0.00247876240013433,0.895807830345859,0.00281641391930621,0.27711101766968,3.16870438713357,0.259459093755604,0.00300487189364452,0.656937829973301,0.498451740596554,0.153626602659318,0.0848812081669006,0.904907629561277
NAD metabolism,0.000290947946345305,23.0357564328194,25.5847774814664,1.01062353656784E-14,19.3127620499907,0.0395148645473668,0.0382470182809755,0.000390998384529527,24.1176656016702,0.000171410412515178,1.47715352007953E-05,0.0177027561588943,0.263884118908148,15.3154577806379,9.73464654169419E-05,0.736070293084437,0.0358491829058242,0.198911878674911,17.4715090827386,17.1136340271637,0.292610399688321,19.9448374629622,0.0380017073463949,2.0143966849952E-06,0.174978034571523,0.0423557258251055,0.0289567129362541,25.5687779282816,0.0362913031105576,0.0319550283096427,0.0676982718754875,0.70073981601729,16.1123485090694,29.8910472474712,0.031363837218726,0.102581751489772,0.287961251310565,0.74523812717665,0.000113807167691664,31.3462430783554,0.00050482415574792,0.815796494995494,16.441407813554,0.105832097422228,0.18673244359721,0.105379649713554,0.0857329321294724,0.0131076369560238,0.10898204892214,26.6209459747851,0.0113976386007645,0.134775975365653,20.8455700004699,0.172404406865293,0.429566895941611,0.0403378573523356,0.344135986143997,0.200088186301762,0.122482731398172,16.9906591116793,0.126583234288857,0.371512443235643,0.0430340826357242,0.000291652547988418,0.00021999199077612,0.118014453963543,0.00013961363686989,0.11841815687992,1.44214772603908,2.23135422131564E-05,0.000334243437863919,53.9415855160542,0.240398878456543,15.9208121316057,15.9654801455171,0.258058625417865
Histidine metabolism,0.0245902506993098,0.105998958295527,0.0771172774530523,,0.119987026739494,20.9624271191121,27.5317925191317,0.0939967902538553,0.0834175760045913,0.0561556107899514,0.00029050816117896,0.522226247749898,0.00050244037630154,0.0731879830414789,0.0525318485636958,24.8358938898487,0.66261029471624,0.18201896733576,0.11879412942623,0.0544584699141046,0.0514948742366739,0.0664188516633651,0.662964068005693,0.0133534537902116,0,0.617246085476363,0.00248029800603528,0.0957203826647544,18.9998717239816,19.9558066787599,0.0121581656657413,27.964014839242,0.0656682847475131,0.0716648707983339,18.653002211317,20.4655885372326,0.0932246114354404,0.0110294094280079,0.0456118469479407,23.4485552339894,0.0279318998145003,0.146832108531098,0.115894230809258,0.0540527466426288,0.138078076422848,0.0381137663941728,0.26174086409597,0.00189808272813515,0.0778936152413393,0.0701325755034053,0.0607122375690394,0.067414340316562,0.0753412684004684,0,30.7119857672914,17.7555067825517,0.121699508137188,0.0878497520565126,0.979264239468897,0.0597388137590746,0.0900804766586437,52.0407558181016,0.738189895910578,0.120248045512053,0.0746808896067392,0.220690195636939,0.0720089644716346,0,1.0762077476613,4.01011148653483E-17,0.0661340442836624,0.0218414260074886,0.0932921843339449,0,0.0592404895123644,0.00684138220334786
Energy metabolism,0.494761115401215,253.37448299188,1.43386266633126,0.227923915918827,255.163977180597,23.7379912880569,66.4310638938357,5.65417197259856,9.67203383617687,1.08116277983447,0.900815323144877,53.2794600229868,3.97992051181184,16.4534327830453,1.86189460983565,52.2006720713234,59.7229684475575,10.2137459057377,509.413938798127,12.4743485802194,25.3972109587899,8.88578738442566,49.4112228082687,0.129986928667494,0.889723162261904,69.4737737418396,2.28160012346003,315.832345272668,48.4168976529278,48.4528680189107,17.7693442805175,35.2392440996076,15.1417321579215,29.9553150728825,48.2451519670203,3.1523221693404,25.8770969646017,17.7478903162202,0.648619537338866,30.8813252929421,4.08421526860081,51.7338398353324,488.318688179673,8.92423510321096,0.61993551462336,2.55056991624112,3.91411029502849,1.68992146516589,1.88429984757968,23.8210079271906,0.754484457501433,9.32672117618723,15.3557136493859,8.26959722198191,47.5424462035186,4.86118883818962,45.2454035044591,1.20230098508482,40.7140861831067,20.4247733954208,2.38354160444693,2.87286537842538,83.3645069193927,6.93628462545612,1.26322031890077,2.16513279819669,1.5439772259718,1.32761427874712,61.0490411996259,29.6133885586849,4.98515288238701,1.45458636562094,1.14196353126437,502.309215904488,20.5146500771475,8.97848434217761
Vitamin B12 metabolism,0,,7.96001314698175E-05,8.73534355676795E-18,,7.00179226998322E-17,7.18371744037377E-05,0.000170423243234462,,0,1.30163820636918E-05,0.000746276676113979,8.21951112592868E-05,0.000177973164488206,1.47302426875204E-16,0.00012815396500372,0.0036422908127624,4.78194127515841E-05,0.000310195766138103,,4.2041001425781E-05,,0.00333963833622662,2.23821858728304E-06,0.000596102672184737,8.6257762189487E-18,0.00301009590944372,,0.000110344819524399,0.000121233938619375,0.00128916815935299,0.000483706488365885,0.000162549529807689,0.000150775346379121,0.000172166807101834,8.26040986551706E-05,0.000586611869176799,0.0161884920589403,4.21298383015462E-20,8.95572477593695E-17,1.92614370079284E-16,5.24785155425595E-17,0.00031632637682724,9.60888767453666E-05,0.0540780483200625,0.000190279513967797,7.66044789925167E-05,2.00276420131693E-05,0.00472054346514404,,0.000251183302077012,2.29738979173006E-17,0.000180356704301788,0.000252993709913582,0.000155384890223226,0.000113429280652947,1.14743549647937E-16,0.0506023865431045,0.00930738546246094,0.000144080735327096,0.00589582360048985,,0.0110538224917579,0.000113420435452967,0.0491825021825602,0.000135680214737662,1.04471650220748E-16,1.59403763382805E-17,3.0414396862953E-18,0.0676796619971952,0.000353063848327161,0.000262309996454911,6.62361784700884E-17,0.000297545283463883,0.000182021954741811,0.000174941533846134
Cell wall biosynthesis,13.9122496757051,0.00953010503959425,10.1018974479542,163.099623372153,0.00785575513444564,0.512118686656661,17.9986637638564,9.15061342253068,0.00281576666197062,14.015947170198,18.1941685895015,0.334747765315385,10.480738857083,0.00251710503293483,19.4937740229703,0.210575100104717,0.572037618531107,8.33564255234818,0.00504404356570162,0.00137120501710956,17.6033988325974,0.00119097826548111,0.449650227438043,12.4823022927427,8.67465075483863,1.45039229702569,0.000654718834220823,0.00535146010494383,0.424752346822669,0.381656093688852,31.9950423373019,0.489067798008312,0.00228873958724255,0.00282816614136972,0.525391197657068,15.583115677412,9.21520099569696,0.142046197326898,20.67336451727,19.7936201659602,15.1150276903045,20.2519809688314,0.00456751966687255,9.18238811052972,10.7066850983227,9.35341254062985,16.8467946859867,0.00216232845439724,10.6858261447392,0.00254611264921226,9.08844364427288,15.7721031809055,0.00226852044069319,10.6383719935256,0.126056791021401,15.834183331802,20.9453859068337,9.71226978643174,0.315652179247491,0.00252508408451876,10.3830036651048,14.2621665437982,0.767651093585555,17.5039524079971,21.0012366291456,10.2785611352304,17.8853174774806,22.6565503731423,0.534861259825709,0.000137238544394461,10.5560103466813,15.9826071739554,20.814978125658,0.00441431572785763,0.00240482438339662,9.97224598858652
Terpenoid backbone biosynthesis,0.0105952938504206,50.5582882510279,20.0020440786077,,55.4936302297622,102.979087149533,0.00456455470923288,59.2084712291181,53.4993677775925,0,58.2908187601476,38.1348035896938,92.6548737349993,44.0265998228729,102.125042544225,29.993242175809,118.915287956719,0.000801351439495306,53.9549922788063,62.7795092703844,37.7017101778423,48.1712885122319,159.259637734876,34.2592709033389,0.00143064641324556,127.736605649752,115.170996492856,43.9210955501198,91.0119613173737,86.4651181627856,33.6408635346771,94.0200191558282,51.5233606800141,25.0488255690897,91.2263748326612,136.086265379715,0.00207662654987982,125.479117489681,88.2698519354784,153.005016669784,54.4195577502804,42.0134327290729,48.356093419496,93.778736755072,79.4912761795968,0.00153642258663499,112.139108806327,19.1804920888466,0.244437605587155,40.084934280669,0.0294900232904836,83.125973390577,43.8669296120781,27.4211747220087,95.3826713273292,77.3927359598293,87.2136094433119,75.864397600303,113.17991207807,52.9173626841596,0.183866759690732,8.55834646566027E-06,114.443847029644,61.3412509893931,113.550896803123,0.135825604566516,57.2365412273339,0.036956961811295,156.081028245904,5.94062067473281E-05,97.3280960183333,25.9968003375748,106.311095940905,54.8374622789341,56.61692371725,42.9449261097034
Plant polysaccharide degradation,8.13532539450264E-06,7.01952440790724,,,7.02904292354576,0.0102146738524361,,,0.225847296705826,0.0119381632467627,,0.0116366975112373,,0.00644755740123257,0.318150101053513,0.0141357960285997,0.00769076128269517,0.017804703686582,5.93451334452976,1.52289728983991,,1.02082887977747E-15,0.015539573376103,,0,3.63492276024314E-06,0.0188850173472567,5.28093606612728,0.0162078443294741,0.0138718756277651,0,0.00704045464179217,9.14428255203781E-16,1.63011870157991,0.0161132470282602,0.0015195837705899,1.44016546950342,0.00992005088631782,4.61457874235088E-16,0.0110878964407501,0.000153196878024699,1.02854417181036,2.95039912834139,0.00143103125888248,0.449582018235347,1.5019448889828E-06,,2.84242992165588E-22,0.0120815140357364,1.57379900821667,0,0.0874733091177444,1.16022387039589E-15,,0.0164256966675613,6.06282384053022E-15,1.18571998534986,0.000736753529074687,0.00372502890978479,0.557126494642859,0.0122148225615218,0,0.00764458797924142,,0.000738873377759824,0.00815553149473691,,0.192813726732086,0.0041445017943619,,0,0,0.478951819065507,4.6553949428713,0.604957277511575,
Phenylalanine metabolism,44.7916028735822,0.379810617390758,40.2520486511436,,0.391653370268577,45.8344094235597,43.3266859127268,106.392913718366,0.442460875209772,0.00160432226468112,40.7242462403428,41.9433128937416,0.183357064949151,0.422134114866183,0.0906134853767958,45.9978393230666,35.9695848332812,4.37764501215687E-21,0.355193131252489,0.37024855292303,0.132444392287459,0.386374909700368,38.1112654899384,3.13350602217274E-06,0.129065433577167,44.4709303573276,32.9961584473258,0.370318353315344,42.4200397952228,43.4724574045903,44.8533829039694,43.0455488929761,0.400048324895968,0.433486281926389,40.9603147143243,43.2944219867259,6.44380200635345,47.1176336703225,0.145270018095937,26.9460256057923,0.197492280969161,0.317019741466383,0.38233898249586,0.0995514334550702,0.00453335042651196,0.0956651504569985,42.6733959552016,35.8336043931891,40.3041910368127,0.396415555669546,0.153872770387401,0.125183046254708,0.423725904747367,0,39.3815603373963,46.2715794170288,0.204694103115981,0.00219595557502676,42.8175824799906,0.423219863502589,39.8787028383874,0.119702653668911,40.2038618683384,0.146072952262947,1.17435287637403,35.9709688361228,53.806265583943,49.6313005997761,44.9580512644191,45.9556237454325,0.189763498387107,39.7914948278315,0.153734982130713,0.228185322815029,0.408368342041918,0.166450619726693
Methane metabolism,0,,,,,0.0267657408491939,,,,,,0.0301251282314377,,,0,0.0281829270984078,6.47675425799454,,,,,,0.0338105080355476,,0,0.0354761388231831,,,0.0469118531748306,0.0463404836595019,0.00307518442032637,5.90431031087998,,,,0,,4.53688961137377,,2.63349876442103,,,,,,,,0,,,0,,,0,0.0361235495191422,0,,,3.24304772969122,,,,6.55214984626896,,,,0,,3.12818513671377,10.2437221317571,0,,0,,,
Heme synthesis,0,6.77245187513636E-39,0.000823500725958025,,0,,0.00014367434880747,0.00298240675660309,0,,5.64351891383031E-05,0.0318411381808461,0,0.00073807120364499,7.36554000958423E-16,0.000718354987588841,7.37787151902448E-23,4.12117738837398E-17,0.00114951875968616,0,0.000415599263692671,1.50054410790784E-39,0.0724013278895693,0,0.000930729387783228,,0.063866184248341,1.09941013612391E-20,0.000177566817265347,0.000340232115820957,0.0210965866778326,0.00100958957735176,0.000325099059615431,0.000545869091925878,0.000202148444269832,,6.13705391987356E-39,0.107923280392935,7.22459288043152E-19,1.71828716198651E-16,1.03367636751571E-15,2.29624944336142E-16,0.001169207661329,0,0.000446074577409398,0.000832472873609113,0,,0.118192467440406,0,1.01268912323691E-36,0,,,0.000203136001001396,,4.57811092763786E-16,5.54761378926474E-24,0.0730853794481603,0.000524573935237431,0.1441064867618,2.4105510456151E-20,,8.68102476432945E-25,5.66088624151476E-16,6.62941980971981E-20,5.35899811313952E-16,7.0648886615032E-21,9.78483056479461E-18,3.55063923278207E-18,0.00135929581605957,0.00131154998227456,2.95834983609579E-16,0.00126764178360064,0.000910109773708918,0.000568397721684333
Pyrimidine catabolism,0.727158714142189,0.523809787810052,0.702128447876352,9.39140608709933E-14,0.437266679223329,5.67394528352397,0.313105808412757,1.77425954153764,0.304599630794743,0.312315356243464,0.00665684114710538,12.6306603315684,3.96659362509226,0.178073954503003,61.4119070850028,10.2556318551906,10.7686736968267,86.1690078940748,0.619208061204856,0.104666470500375,1.97918429257176,1.01383656104702,9.15418290721154,0.0612436101963222,3.58723254214756,15.271798395972,117.390994268315,0.845829822434296,8.83325758390005,9.07393890693501,0.571557845296575,7.34339352707285,0.164679041283734,1.93754822865412,9.45134035978142,94.1879347863043,110.904921441273,3.60308766601373,0.0978946218967822,3.05527284011896,0.313965314800683,12.9085820093221,0.633316237762341,1.65053846628256,1.25597659611203,0.992094571024359,1.82028904749083,2.19893774377254,76.1333353474473,0.476380368088826,127.822548074476,1.34055782513627,0.158904979717,3.88094355821012,6.8755218434363,71.5452686480095,4.11783076676521,0.507045637730826,7.37269797936106,0.136806925942787,77.3139068236267,1.99666503681247,14.878393558937,0.839610414020726,0.211608373271261,66.4003497689777,0.29474206554134,1.05258362289739,9.26292559572994,0.643765007826458,0.0639603358241294,1.7293032838121,37.8689810767649,0.595435944195737,0.138955117971797,5.47409558168078
Cholesterol metabolism,0.00110080975069305,0.0163373229250189,0.000755366632952955,,0.00293281525019302,0.0085241668267789,0.000458665220926445,0.00109358056146336,0.00563153332394128,0.00345831445234995,8.38339025589445E-05,0.00315275999671243,0.000454368554034938,0.00224158674840713,0.0022260625257493,0.0328832696579245,0.0132296605193708,4.35112870112143E-05,0.00278993518625916,0.00264446681871142,0.0173010390094297,0.00229688665485642,0.00450011509492432,2.47931589426028E-05,0.00187870782479795,0.0117675980925565,0.00643690539178184,0.00917393160847513,0.00506026899854446,0.00525771570258406,0.00157520800029821,0.00537703996619568,0.00147549197778362,0.00138170980445934,0.00794661717208526,0.000800650196595308,0.000186817080706866,0.00435444521913351,0.0015626780180045,0.0089447873124283,0.000825238460778091,0.00891131078864131,0.00261758389360246,0.000442643559944052,0.00111955777435952,0.00027391958719593,0.000577498567999263,0.00119798931963167,0.0336723258794766,0.000950548722372602,0.0369172481683033,0.00363974158696414,0.00163713097561961,0.000259948113353479,0.0072519452816279,0.000977268438873419,0.00720244168222835,7.62437243181177E-05,0.00420347914736252,0.00129460607802621,0.0236720388775569,0.00169182529093913,0.0132210348059702,0.000687151091223419,0.000962792224253248,0.000106995695585272,0.00335208438101217,0.00351971064869476,0.0031949086671871,0.000207873435077609,0.000559083906288382,0.00219941404581854,0.000953116781770628,0.00266466313196731,0.00176815483753477,0.0229180767329469
Arginine and proline metabolism,0,0,1.18241019164514E-23,,0,0,0,1.67225122739218E-15,0,0,0,0.0623319788061126,0,0,0,0.0669084701340461,0,0,0,0,6.9068685602121E-19,0,0.0912485877096168,0,0.424593179820417,0,0,0,0.103379470209393,0.10814721213704,0.0715840085472125,0.230314067684036,0,0,0.107412776300305,0,0,0.262754838027263,0,0.0680838480859637,1.05328279055121E-22,0,0,0,0,0,0,7.14300322610499E-16,0,0,0,0,0,0,7.57079732444083E-16,0,0,0,0,0,0,0,0,0,0,0,0,0,0,0,0,0.117741805726401,0,0,0,0
Fructose and mannose metabolism,0.0433961961877213,90.8163280156295,0.0299896309147119,0.00175329366927214,95.6219294046815,1.85806503450696,0.271180632680369,0.566478725204655,29.5873291692928,0.43639778799091,0,1.03148135125896,4.39624184538279,42.4602756171998,0.0399287148645233,2.21216604006585,4.05386589126451,0.81259956726059,134.580655611994,106.178127409463,1.24266275514302,103.542248444293,4.75025955046413,0,1.35719677931236,2.60797048087297,0.553711656521149,79.5954774822479,4.84180408916566,4.61284264514063,0.157855471003486,1.81717710211333,115.240391821717,40.5546385160134,4.83698139969122,0.240723122490962,2.00355711927615,2.10656834461535,1.07777516362149,4.51642562013348,0.395688157003802,1.94571376514192,107.922337159729,0.596658486014854,1.05571166606018,0.371479670076855,1.05764844080345,0.112284474140456,0.357938310139626,52.6853075724421,1.15878425875367,1.29699995693882,107.903858605082,2.14376245534213,2.94641414907455,0.298761487249199,0.288162740453529,0.411375653680809,2.52380906096077,99.861668843741,0.367346089936931,0.0682864732578259,4.86937679216699,0,1.31337422058435,2.51524463773403,0,0.661742311370435,2.84945446497753,0,1.03118080939281,0.505241293555023,0.584566129344689,138.289501986982,107.095235816856,0.326717023082014
Pentose phosphate pathway,0.071270790279902,68.2918523679258,1.99402914925683,0.0013095663493998,71.4823684154961,5.14904340967102,0.0599341434770274,1.47760315973809,41.2006441167317,0.765908957392899,0.0195427412395309,3.30600959777581,4.34482310162205,51.3143315859247,0.892959357960694,3.70931234262864,3.80406266889495,3.42286520573104,85.9825180927319,60.2338679355724,1.41270677465655,61.7383961514373,3.09276069686806,0.00655325684697875,20.1714158157831,3.79351809983026,0.705178440382842,87.676382575836,4.51371105664065,3.14384091472372,0.306801260403594,6.23808320384337,72.3904124541249,46.3013576318067,3.39373215051848,4.52928300069017,9.67926801506793,4.06839743710577,0.152634961061723,15.4826569036564,1.04430682184989,10.8669657299518,72.7258937706814,1.48086847482032,1.5787573557888,2.39142834010902,0.96497139002259,0.943881666520812,3.67056609511925,53.7390179511971,2.58282073829006,1.01165151468773,69.1362489595038,0.881765539723255,4.40681258636696,3.91243673470653,3.26795007553395,0.859608874515512,5.04261988975946,57.1918628740386,3.5761371365964,0.992006720315407,6.05471186639521,48.7483222698387,0.421017313357075,4.86079172150005,0.0406468146245758,0.462832913954671,8.9659956169043,0.0912431866439036,0.913443664210144,33.3032682010399,2.80047786922883,84.0613563817091,60.5715112715678,4.08746508339928
Vitamin B2 metabolism,6.19740160835554E-05,0.000460080542279652,0.000610295613911329,7.7363704774306E-17,0.000895868466345091,0.00110757736718343,0.0172243555290473,0.0661463046505194,0.0291730394230281,0.00011701060385164,2.62605072301963E-05,0.00130229703294188,0.000809305710858019,7.78742289920012E-05,0.059058778950322,0.00118409696144506,0.00171896403848021,8.197613614556E-05,0.000131926509921026,7.45006654534027E-05,0.000290888095752694,6.47265532851038E-05,0.00185885374619585,4.97381911237202E-07,9.17503491516359E-05,0.00152899297760186,0.00804947257836027,0.000258380996952043,0.00101633278831919,0.00105969886715993,0.000456266839751759,0.00107528236614324,5.45253258753989E-05,0.0295130891330642,0.00161744362780649,0.0108059771028118,0.000137003414499962,0.00179865492844363,0.0197225576818582,0.0689775047240192,0.000403259714199704,0.236737352931047,0.000134747438318231,7.68711013981935E-05,0.160208204229158,0.000158566261639785,0.0802635256694329,0.000166485620688839,0.000119792738390008,0.000258052015222331,0.0305436173672722,0.0188970072014942,6.04802402809492E-05,6.32484274739748E-05,0.00151133285051429,0.000279210536992463,0.000456173072526273,0.0010055129250322,0.00173629050033252,6.26996907595134E-05,0.000125673164275046,0.00309245306655931,0.00171781498460125,0.000113420435431768,0.000646214039818985,0.0748885554718437,0.000514684257440285,8.91696061958131E-05,0.00142965769985465,3.96685225398016E-05,0.000107880620309057,0.000374818988161738,0.265192887257038,0.000126295448803352,3.04338135070656E-05,0.133608443195458
Nucleotide sugar metabolism,0,1.05570968026218E-18,,,0,0,0.000580242069760026,0,0,0,0.000106055473330316,0.00315275999671251,0,0.00187890828124317,1.16283352520179E-21,0.00573850136002079,0,,0.00318117531261881,0,0.00129225615680891,3.33319071737558E-18,0.00450011509492433,1.80785031766636E-05,0,1.62871511759079E-18,0.000982078251331171,0,0.00533535803992783,0.00556297713337791,0.00202694314899323,0.0056446975924331,0.00131294244793154,0.00157456003661439,0.00848012665106913,0.00120097529489296,0,0.00435444521913354,,0,0,0,0.00325233795249229,0,0,0,0.000866247851998898,0.000873541519041928,0,0,0,0,0.00145677427136831,0,0.00793188452526917,0.00146590265831013,0,0,0.00420347914736258,0.00151608680958932,0,0,0,0.00183223543427364,0.00144418833637988,0,0,3.32272128839389E-22,0.00319490866718712,0,0,0.00211872608471946,2.35131036365418E-21,0.00304328704128333,0.0014702248054408,0
O-Glycan degradation,1.54982819270258E-20,3.19983740841384E-17,,,1.25528167513889E-16,1.79322440832554E-17,,,5.71590468271445E-17,2.84714384847123E-19,,2.42364627702876E-18,7.28668977144028E-18,1.05176273679434E-16,1.95793501257351E-21,1.44217560036159E-17,1.6325605949371E-17,,9.69527215076382E-17,6.96606721003591E-17,,3.88703608746031E-17,5.48586392194061E-18,,,3.58373166009329E-18,,8.00572503829908E-17,5.94987436012427E-18,1.27025791526239E-17,6.62742538343121E-17,4.22674795823454E-17,5.82989313433303E-17,,4.83507198965713E-18,7.93194262007016E-18,,3.38465048908279E-17,1.41984515188703E-17,,,8.32160161400458E-17,1.1960493084716E-16,,,,,,9.10789442712035E-19,4.77202529201227E-19,,1.89226244392123E-17,3.41981698088859E-18,,2.23216967699415E-19,,1.7312501384707E-20,,3.58839875428823E-17,,1.19227819455091E-20,,5.75368574719522E-17,,1.63874429592066E-16,,,5.97190924541658E-21,5.90233371843386E-17,,1.35574159912588E-18,,2.19447181514719E-19,4.47150365271339E-17,,
Galactose metabolism,0.0156753739640806,105.66580328413,0.00395660602853138,1.19777432082683E-16,62.60800023403,99.8020535591731,0.00116048413952006,0.00580057022413015,98.684813555797,145.336102233413,0.000212110946660629,209.935815775164,108.19884873481,90.5675259770068,72.8247458206132,191.37028449999,2.30019140786643,0.00558032255918101,87.0069512499047,51.2134853299354,0.0167416929671709,104.019952041073,0.182476459010381,1.44628025414726E-05,0.050704230154487,0.128445886554096,0.104510228585762,106.95568813382,0.181100425550815,0.179250687965213,0.102387707080366,65.5994071408508,94.6643781897106,108.12664318179,0.17955287789103,88.4229666608284,215.750072976499,147.92857335044,87.4187371290933,62.5424955588237,153.821187253868,72.5193007864043,129.1998295738,0.00752350120986227,132.486583989615,0.00677803162463082,0.00173249570399778,0.104694110384156,88.4039916004839,86.0791112220107,86.7251941256389,109.384453928282,98.9778565810714,0.0049205487392604,196.13991913759,0.00146590265831013,84.6428498224402,0.0117339091725561,138.132295191492,77.2549456833377,79.9302739070531,105.342495517608,90.0651946778467,0.00146578834741891,0.0910898237539245,98.1421222955276,0,0.143533270364419,75.2621575056508,0,0.00809306397575425,0.199640347330667,0.152760098893098,48.8435571942719,63.709133005052,0.0645274324264497
"Glycine, serine, alanine, and threonine metabolism",0.403554902224654,20.7636809242273,3.27032094262257,3.96504820280238E-14,21.615722811002,4.23226581063434,4.19333592110038,6.22852437492499,6.61275823011829,2.05989386210994,0.26292032391692,4.83836697415175,4.82535263711127,4.88224213962122,4.91873247531989,6.16653180690488,11.0489951043646,5.11470236293438,20.189039655822,6.34373634472334,3.29355706873345,4.25814468083535,11.1387772684526,0.13803902615504,3.17480260859317,8.14961701604205,1.76730302404898,30.059865836999,11.4720472622044,11.8369217347953,7.73860177752061,8.38047794463733,4.57874682021806,5.67004853061137,6.14321462143781,1.42733327850284,1.75552958636764,7.9905452033884,1.81136062511053,4.22092200839961,2.98915518259711,7.45996549433962,21.6317674406084,5.66987212303678,5.26628875478924,1.90191499502391,2.30768479735302,1.60401865451037,4.53676388606914,6.10871862011532,76.0953816577338,5.46105965052913,4.94917112603291,4.47042973626838,6.02736426540989,2.42127842458669,5.88202383507655,6.84992832941286,12.2095162556049,6.11519970594006,4.60878065329348,2.0153879930813,14.1507830862332,2.46927593515791,3.26087277423672,7.98080304558628,1.58669156104069,1.47875292574617,8.24078784825722,0.153304267303177,2.57683565516467,2.77941597703863,4.69443289622317,20.1116477170787,6.45495980999993,2.6124789485127
Glutamate metabolism,236.123463932857,207.707317486516,306.445850194002,4.76531216437347E-18,265.505539723976,201.070545038505,253.275619508172,112.211671883669,227.898818207825,94.856864869616,74.5235266882952,200.706335066972,250.276159458747,242.149597806016,266.586775212762,184.559963789298,204.697052682826,38.7426678579294,261.698515809596,228.606207286807,22.977630409237,244.135986128647,202.064172571757,193.326037406814,157.160554513288,191.438594327503,320.622939148061,233.842222838832,161.991372512571,172.028305593139,175.771509752144,163.152521696438,244.370653064048,188.471042603538,160.530135850877,251.917769004922,29.6575743304074,152.224016183039,276.329473583583,185.211620089029,140.571388205069,275.685569526517,213.438601706129,208.131144983602,227.10262482914,6.05118146433378,200.363091012409,205.91491912132,187.758384751472,251.900362049442,120.373662234917,217.975962317786,236.877999536919,110.573332038157,188.077153708067,221.791210864246,206.125007599585,259.069449229392,193.963006219019,258.160777087195,191.527134244724,47.9347012131379,198.345629246602,69.2477255314344,285.936460934692,176.181538830876,248.82298014173,228.178126327313,238.187812561524,239.951567466576,284.838213824656,79.943145517653,248.940654252495,255.835879293797,267.397749359852,231.175677875706
tRNA Charging,0,0,0.0031871809148311,6.68384284810557E-18,0,0,0,0.00954370162112988,0,0,0.00021008405784156,0.0955234145425369,0,0.00226467929563449,1.85422475993378E-15,0.00236800711087409,0,0,0.0041343559953664,0,0.00147125278578417,0,0.253404489320577,0,0.00478305089951792,0,0.243357422058278,0,0.000608800516338216,0.00114242682196616,0.0482207695493315,0,0,0.00195727139295816,0.000693080380353523,0,0,0.323769841178803,2.28352716924204E-18,6.6060234571314E-16,2.27675644193291E-15,6.56068613179117E-16,0.00420318726605286,0,0.00169070930493923,0.00190279513967797,0,0,0.448910345809055,0,0,0,0,0,0.000580388574289661,0,1.2521997049738E-15,0,0.219256138344484,0.0018760589902676,0.551415719732084,0,0,0,1.56543500067425E-15,0,1.06835718889673E-15,0,3.55609408840953E-17,7.90303535155968E-18,0.00388370233159878,0.00419695994327858,8.31246611953334E-16,0.00391559954194197,0.00291235127586851,0.00214561304428888
Tetrahydrobiopterin metabolism,0,0.131215285558838,0.0524095476820907,,0.115846320954748,6.76642471031377E-14,7.5600602957781E-05,0.193017781621707,0.211110944501193,,3.93907608444432E-05,4.04174046358453E-14,1.92606496672486E-23,0.185048024301636,1.90633086905509E-14,0.000733072194619766,5.83365316137686E-14,,0.0916314116096543,0.0722201560895262,0.000479965358017466,0.182944587711509,2.78867993688831E-11,2.63474992000754E-21,0.00178830801655792,1.97685195370783E-14,0.000364760142163856,0.121776447965617,0.00198164041870285,0.00206618192319931,0.000752840285584841,0.00209653425637741,0.184188165405797,0.154825432711204,0.00314965961079177,1.26591455163203E-21,0,5.83870841470618E-14,0,2.93995004185255E-14,0,0,0.0934640147874018,,0.00184456111299591,,0.00032173881176756,0.000324447800604028,8.11025121136071E-24,0.105996540512377,0.156509443273555,,0.230323675912903,,0.00294603339719736,3.85100948477507E-18,0,0,4.68179797541961E-14,0.183012263455255,0,0.15738646713869,6.21131124194079E-14,0,0,0,0,,1.47397847951366E-14,0,0.00145638837453679,0.203020003554844,0,0.086776734016693,0.112871091616587,0.0517331580177235
Miscellaneous,1.65542421429347,6.46188641116135,6.36453722873123,0.00539130472648425,6.32444936320793,10.5910108368627,12.8441369070747,4.0544483736598,1.51535519737314,6.50530145234128,0.686293524704353,13.9019424606821,25.9643474961464,3.20697681504933,2.75604474986288,13.6184873332272,26.2555474709199,1.69058745044457,8.58046553935997,1.43427248983115,4.85779687939089,1.61763725584818,19.481722708243,0.450977975310813,24.3533186419337,29.714541371503,1.90166262319133,8.32776553726579,6.31301075967327,6.20142624968087,3.25641381949035,13.0539812648538,2.40651910884018,2.7776861444938,9.09867964567801,0.354387716852462,243.296079145957,11.0718614603811,1.80599358914481,2.01717953209444,3.16110510054125,74.2139185895327,8.77866001452389,3.06486602774203,17.7470359905908,3.83263480252447,4.17616493166053,1.83635733784362,3.46874866457493,1.63408564496494,4.8066304182131,2.46451723075881,2.35237936908782,3.19905621216453,15.1208773069062,1.14749832505831,3.83813189879684,30.7684684296255,22.8218123198382,2.62949118494041,3.61109107473786,1.09309386895996,34.5722212278785,374.701414186358,6.86768075663889,4.28346440163792,9.72475253686108,4.50940475988254,26.2367370259239,40.9172068894964,2.21494043155052,1.86291776540364,2.13186486434525,8.80896295065218,2.52823382695575,19.1377378486371
Tyrosine metabolism,367.344969290707,154.377116766016,329.786326390065,,114.180559544392,301.16904218841,356.77259133515,0.398071732326593,156.932620684897,0,335.965976306145,345.774137449359,0.0786908439067919,142.851523870391,0.0425048626238451,413.401692777371,367.032131306381,0,186.578631615604,60.5524052778199,0.04446040106949,150.602785995028,360.505594587425,0,0.0467965094393769,365.867902041779,345.941663288281,170.915972886395,403.736826679292,415.123516057833,246.012391456448,297.605725396898,130.174401298248,134.885585072259,389.891913932819,285.097325761972,0.557066824205722,388.363872361675,0.0698721491747806,123.638981036148,0.0808774854584777,0.111022969615483,143.676062716558,0.0495287915785538,0.000153713426174478,0.0467713545747926,350.373566624388,295.296993324929,361.221808636081,141.89358802254,0.0445130562525158,0.0634874214607233,152.168199279803,0,400.790201643525,379.643503227635,0.102863513024081,0,373.791895095339,175.959070859777,357.403047553507,0.0360482093297164,379.884374800224,0.060533298731022,0.0519364348742913,316.321457662914,321.567117023668,406.692591869643,342.641363824593,377.290463807386,0.0599558482899175,217.241306904266,0.0607224390444692,188.208666995468,157.330957789752,0.0764147568648948
Ubiquinone and other terpenoid-quinone biosynthesis,0,3.90330682190944E-23,0.000287703759507798,2.00408468976749E-21,0,6.53704218795522E-18,8.84149838926941E-05,0.000538181377259,0,9.87636931843639E-35,1.50060041789094E-05,4.09071040239289E-18,0.000601198528111952,0.000205604267783529,,0.0116991161293795,1.07553703982253E-17,0.00020084153355659,0.000356373349646604,0,0.00677863134040616,1.3448847253232E-21,2.69412199161036E-17,2.70942250153923E-06,0.000806491850603937,7.6613212540393E-18,0.00433663991817101,0,0.000607822754139218,0.000625020873672257,0.000103331019589082,0.000654138941307647,0.000173386165155182,0.000176510968376769,0.00092048079113587,0.00698866531146975,0.000104442055743862,1.45140583228261E-17,0,0.00609996846364866,1.07622217908632E-20,0,0.000362832999381799,0.00047305293166967,0.000615128676025875,0.000237849392459655,3.5687021837843E-23,0.000138190729880548,0.0332213560565316,5.18859176281236E-16,0.050397866111345,,0.000192380484559394,0.000231910900698181,0.000920635436615872,1.1671968883749E-21,0,0,2.1204298466042E-17,0.000172068473381786,0.0554015925215866,,8.79963464606724E-18,0.000221803223378422,,0.202017272215601,2.62469512634628E-17,,1.84203673635335E-17,1.33881263623171E-05,0.000554814618831644,0.000332330132248141,0,0.000340275004202414,0.000163003775393028,0.0166964350338949
Glyoxylate and dicarboxylate metabolism,0,0,0,,0,111.059768720158,30.8208172545863,0.0227677541339848,0.0682765463825779,142.78338303413,0.0721508491106315,117.541755728543,52.0924861588911,0.058922184424376,1.09726086196565E-15,0.675219193107139,132.534852758426,90.6003054937332,0,0,98.3872646905979,0.041211790176126,0.0258716202726868,0,60.5155170314775,109.586401640811,9.63793801961853E-17,10.1264345008037,0,0.0229600663659838,44.2533245389943,0.1440695017877,0.04365050838372,0.150109962721973,0.0267320288542948,0,226.807626289084,0.0736141576970031,70.477197541908,28.0647588460805,126.646755828792,135.765754697098,0,0,0.0985821995388318,1.22698420828567E-20,60.9459016816734,0.00606018285157696,1.130221326768E-15,0,308.128649649863,0,0.0508916319462888,226.47758692247,0.235290697208635,0,149.204989630075,2.10820980153911E-18,138.030173980563,0.0491612842710315,1.24922366214144E-15,0.0438736240710142,120.150176155074,0,3.50569090388336,4.35551162093529E-19,82.1048445428029,0,158.131518123055,3.92592957609247E-23,2.43861335857099E-15,1.03243788232672E-15,0.740080062783966,0,0,61.8077975535158
Oxidative phosphorylation,5.39079678682492,22.6838180614088,0.866934422054732,0.0500008614050412,22.6654218907266,,3.84003771655505,1.40240908427109,5.62939825338127,5.14445862936837,0.103839185004218,,2.62960758048377,2.0681121715524,9.33230709137247,,,0.903954129902778,9.01723461266089,4.96573332980982,20.6704087823808,6.11211311008221,,1.26588792491016,0.336359914834298,,0.419506937740045,37.0092101751234,,,14.617283526569,,1.01178242656483,2.11222438288577,,3.01573060675556,0.942396716766205,,3.12846752146202,13.9080093188326,6.41609394298663,44.6306218706511,10.0371067525997,14.8013978791092,1.46185161689522,24.2234805753617,7.22428303829364,2.20773349118139,28.6971485956257,3.79714944795156,0.756154928411071,4.41230895582622,1.05297329715912,67.8839128169118,,5.77357349568591,101.515193415349,0.796252260322852,,2.15142023850366,19.2297842077384,6.28723801762057,,19.2848904192989,2.24021859929075,1.80784602713212,2.67507397098318,9.56421687937998,,7.75118633568538,119.006928883915,0.96934093455002,3.30518017208059,9.32647542315062,2.01376746935307,1.90223243367912
Lipopolysaccharide biosynthesis,0,27.9973379609443,1.20772431614908E-22,,56.074331010015,2.26031771950373E-17,0.0199916544273919,0,2.54166356907325,3.97656742242812E-20,0.00126307485512161,0.015660908793068,0,0.00711468726520605,0.950026543751044,0.0181248568426231,3.95191221588559E-17,0,2.18839261025897,8.28861837210424,0.00718442370367788,7.65714412709573E-16,0.0179191074381535,0.00109572602811597,0,2.26075276311821E-17,0.00173500491068511,18.4076662882904,0.0178880355925223,0.0196496032135941,0.0950497826760043,0.0187668355500304,0.0066405879723771,0.712194253678067,0.0232042879554356,0.00212172302097758,4.79682657463223,0.0188545869156267,,0.00563200930699814,0,0.655808241217011,0.698984359290105,0,0.896541593031708,,0.00153037120519804,0.00357791150601546,0,8.5609982954207,0,0.557722096472592,0.00701037085286671,0,0.0224742384964683,0.00258976136301455,1.76201872087575,0,0.0195333409212797,0.134785881952882,0,0,1.45250043285837E-16,0.00757337356710711,0.00956715619375249,0,0,0.673351982571056,0.0171701074909427,0,0,0.00374308274967105,0.716114893653316,1.71922407388804,0.145623732244818,0
ROS detoxification,6.05016000718899E-06,1.05844402445897E-05,9.30482972753258E-07,1.31500027229391E-19,7.54479694014695E-06,5.39442733944177E-06,7.37987395658833E-06,2.87852870620736E-05,8.05047768609627E-06,9.96083466092681E-06,1.49970725634057E-06,5.62057738631309E-06,6.11397818492593E-06,3.52539221620606E-05,6.04837838642159E-06,4.56274366726785E-06,1.11981206649206E-06,8.53094330514513E-17,5.06528156073503E-05,8.93502856418057E-06,1.75718529895529E-05,7.24153270981006E-06,8.24732711627741E-07,9.38314891099959E-07,1.85314168254155E-16,5.62086386622341E-06,1.43164101862328E-06,1.28540344598014E-05,9.08605030544758E-07,9.72596574095407E-07,1.43762532076216E-06,9.29587748728568E-07,2.85490659219811E-05,3.27348337608326E-06,1.44178164369933E-05,9.24569910907823E-07,228.059485139035,5.44706804074219E-06,5.50534382910136E-06,3.88815344919395E-07,1.1087402430784E-05,6.44179158569527E-06,4.58677117117669E-05,8.87525979104774E-07,6.41140001131185E-06,4.74566531620073E-06,4.00436194148325E-06,7.05684626408776E-06,0,4.46372116725276E-06,1.59274148297708E-06,5.26266894709663E-06,2.95759331273207E-05,6.77151638523083E-06,9.39983279105904E-06,3.082234307162E-06,6.86211949334479E-06,6.39778859638971E-06,9.86393315198363E-07,2.36893650225479E-05,0,1.87684539115776E-06,5.65592222285721E-06,8.43763819658195E-05,8.82861903722742E-06,3.25435817093359E-06,5.54910794283393E-06,2.52750410085082E-06,9.94479914185694E-07,5.40150849228393E-06,9.34486219369494E-06,1.15891475311575E-06,3.37005729917013E-06,5.5904112173256E-05,2.32081586371092E-05,5.44901132399479E-06
Sulfur metabolism,0.000565382836183785,0.181228311454222,0.211415909781437,1.3154742285516E-19,0.0106339765968313,0.48488119038912,0.00149409503123862,1.16541410729342,0.233426520098263,0.00553645672058997,0.00042208831246167,0.734077692303304,5.51808514691065,0.0112957581355054,0.000567558677500552,0.628063807446907,0.655073352914868,4.52362878540845,0.0183374458991535,0.00423801943879336,0.255188781322428,0.772773369762621,0.693725524716446,4.72524171422203E-05,0.964765155183178,0.733020050088819,0.532635538207712,0.658327351501312,0.653117163622728,0.545421342718145,34.0725365668895,7.16229594628847,0.00795076197738284,0.00403766256758488,0.610175523741391,1.90853347556479,394.09960345393,9.17721471680291,0.160952836244067,51.3764532575766,0.00199520414057688,6.04273889110956,0.0185137032334251,2.00058999092116,0.0784193313003203,0.743769457331916,0.231933213416592,0.112784362288808,1.49528835825722,0.00228986329958972,480.455715157841,0.000926449158371779,0.00862228244443935,0.351907552767839,0.442728269884745,2.12564592605952,3.56046731282616,0.129333964277367,6.8748422789222,0.00954591950983051,1.54618146021238,0.347464456475933,0.777990887389536,0.00668715423291148,0.000468346592542678,2.28600451659692,0.581804503531038,0.00699528466074373,1.4193653411728,0.000150285624353615,0.251003977496055,1.74737302932033,4.0650723686991,0.0181112677748059,0.00934026290605474,0.982875601652058
Pentose and glucuronate interconversions,0.104004426343217,0.173130801701914,0,,0.132144648926665,0.0450535049552475,0.0364326632999197,0,0.0240252605675531,0,0.00217603980794181,0.0542119195947565,0.199459338558988,0.135264804344251,0.116347265253557,0.0561794445814288,0.049619704991346,0,0.132136580391816,0.164383451265849,0.011218869099106,0,0.027765570055986,,0.562234239087968,0.0502162962321257,0.0507463176238532,0.0812214949679999,0.0337863266325258,0.0298219413464748,0.174544508059957,2.57802611712659,0,0.11631035875995,0.0344290795997189,0.000360292588467885,0.366559192954032,2.08119527065614,0.199049517784086,0.0442663249024178,0,0.0772399708582628,0.131862386523302,0.0604699500800511,0.328827647331139,0.0668404457558665,0.463579864549326,0.0960395113985773,0.0031111873555369,0.135668972076644,0.162099776883377,0.0558836832615887,0.0109421901605741,,0.0346633615751406,0.116199098726072,0.0930341557732058,77.4676906908992,2.57159988603434,0.115648641063272,0.00288082039749849,,0.0525935368104098,0,0.027537553586007,9.34774583467623,0,0.00460288199778388,4.01235570311182,0,0,0.00127123565083168,72.047467052106,0.107610451288541,0.115591160477045,0.0194055443406303
Exchange/demand reaction,0.0119037344899522,0.176665544844269,0.0384331658553939,0,0.178928390591973,0.0921770710971398,0.0231994750213917,0.0751264344144758,0.0608972417053207,0.0373968862445386,0.00424035317781311,0.108386963583349,0.0662554897615068,0.0751232770078431,0.0361076797074332,0.229439101196305,0.143060475359777,0.0361369417622153,0.127191048443433,0.0285962500401324,0.0516675125668274,0.0248376514431468,0.15470692708073,0.000722822085348955,0.0750787400260385,0.127250292968516,0.0392658530778941,0.0992033782654434,0.213320460594451,0.222421219998318,0.0810420674500518,0.22568860071301,0.0524946002931325,0.0629547013959613,0.339055881454923,0.04801788392679,0.103436731469392,0.149699024310146,0.0253473012133614,0.0967254997234777,0.0503470478175817,0.144545246149942,0.130036302126757,0.0484093236496928,0.0774404202564176,0.0299569747546817,0.0346346748230338,0.034926293192673,0.0905269003032818,0.0579921128895477,0.0506181950606722,0.0590381545530325,0.0582453429038548,0.0318643915908136,0.317135841240617,0.0586103177925773,0.116826663386635,0.0633218462306389,0.14450904659525,0.060616800991137,0.0949707149672735,0.0274421248368085,0.142967200202974,0.0732571842098931,0.049648938956954,0.0888619364252852,0.0362481549916957,0.0570912017500986,0.10983596903146,0.00308224728465968,0.0611437197186097,0.0847117702098846,0.0872231817860972,0.121677943356255,0.0587831276414708,0.10641357189001
Beta-Alanine metabolism,,229.624620804003,0.000610295614123116,,280.604299728921,0.00143969523804789,50.1738316196794,112.518615049628,136.812122568209,,2.62605072013628E-05,0.00169287430699897,102.703793702025,374.534354150617,197.203324293119,0.00142091635366301,0.00223443295255567,97.2127044830584,455.59664014401,224.625453991916,127.936537921082,258.503752555822,0.00241633655041295,202.41204274151,101.367223099823,0.00198749687582596,0.000121586714052661,221.790119329388,0.00132109361254604,0.00137745461556816,0.00050189352366903,0.00139768950406281,249.507114901596,,0.0020997730738611,167.346742843386,0,0.0023381191209032,0.000395894428225658,132.989690906677,152.918016754914,0.00022226938466436,449.01456846816,6.54194631398097E-05,207.705681647642,,0.000107246270500678,0.00021629853384226,0.000718756430351217,,0.000401893283282618,0.000922105128335205,269.134058784508,0,0.00196402226480865,0.000181486849112533,0.000255523007645254,4.55867597619546E-05,0.00225705789695088,449.996972250459,0.000754038989357148,,0.00223297610655041,,0.000142159143340248,0.000705537116651673,0.0000905462340699999,,0.00171550603313781,,155.1960421812,0,422.024531991611,405.210071447455,339.349434908408,76.5849062399862
beta-Alanine metabolism,,229.624620804003,,,280.604299728921,,100.347663239359,225.036931544047,273.624165673478,,,,205.40758740405,374.534354150617,197.203324293119,,,194.424835133164,455.596640144011,224.625453991916,127.936537921082,258.503752555822,,404.82408513182,202.733253994303,,,221.790119329388,,,,,249.507114901596,,,334.693188312017,,,,262.203934836502,152.918016754914,,449.01456846816,,415.410133587837,,,,,,,,269.134058784508,,,,,,,449.996972250459,,,,,,,,,,,310.391996810303,,422.024531991611,405.210071447455,339.349434908408,153.168122696299
Bile acid metabolism,,3.73843730205904E-17,,,3.37671627546297E-17,2.60113491065214,,,3.73983443738841E-17,1.82544682970601E-17,,1.40950662502157,1.99670036710801E-17,9.76104904752372E-17,3.82227390671423E-17,3.76646984905509E-17,1.66878438691987,14.003687363774,7.69581392148451E-17,3.14682358970596E-17,,1.8636331473612E-17,,,,2.26679509562083,,1.39362808018161E-17,71.1446479769883,29.9507432526134,,110.588779768851,2.28960716546422E-17,1.09734745005098E-16,75.2319123126405,,,,,,1.99133659906672,,3.66507090999747E-17,2.18252224124356E-17,,,,,,2.41637991293598E-17,,6.71241593667745E-17,4.31380196521759E-17,,1.21875374942368E-17,1.16570756380245E-17,1.84975823290249,,3.01934112913012E-17,3.27821824277613E-17,,,2.67934154882328,48.2242045814214,2.46158367432132,4.91961940188352E-17,,5.5766874500944,,7.01103333002786,2.62095973275983,,2.70889922152241E-17,4.18417196483569E-17,3.53624056564075E-17,5.71215890825316E-18
Inositol phosphate metabolism,,0,,,0,2.86116058377648E-17,,,0,1.32558451928469E-22,,7.94791848342509E-21,0,7.41964551183114E-22,,4.5780194405565E-18,5.56644752913348E-18,,0,0,,0,0,,0,3.0376515849441E-18,4.94671537166964E-18,0,0,0,0,1.17250709757123E-16,0,2.67744802568963E-40,0,0,0,2.96615518675011E-17,,0,,,0,,0,,,0,,3.9041614664868E-17,0,0,0,,0,0,0,,4.03487020571353E-16,0,,0,4.47317156537139E-17,,,,0,,7.5006628468143E-18,0,,0,0,0,0,
Lipoate metabolism,,0,,,0,0,,0,0,,,0,,0,,,0,0,0,2.89707180392836E-23,,0,0,,0,0,0,0,0,0,0,0,0,0,0,,0,0,,0,,0,0,,,,,,,0,0,,0,,0,,,,0,3.19646820902249E-19,,0,0,,,,0,,0,,,0,0,0,0,
Others,,0,,,0,2.80596054354484E-23,8.39803881726949E-18,0.521446170672134,0,,0,,,0,,,0,,0,0,,0,0,,0,0,0,0,0,0,0,0,0,,0,2.14846422018907E-23,0,0,,3.25671635113102E-16,,,0,,,,,0,,,0,,0,,0,9.52604412534938E-22,,,0,0,,0,0,,,0,0,0,0,0,,0,0.309285668590019,0,0,
"Transport, mitochondrial",,,0,,,,,0,,,,0.578025338437024,,,0,,0.733608877138442,0,,,0,,0.732266132441368,5.90900222330849E-24,,0.683362172599421,,,,,,,,,,,,,,,0,,,,0,,0.311524722270179,,0,,,0,,,,,,,1.08722919090738,,0,,0.818063937020043,0,,,,0,1.19992053703516,,,,0,,,1.41763000567863E-23
N-glycan synthesis,,,6.94141408513801E-05,,,,,,0.0056315333239412,,0.000106055473330284,,0,,,0.00573850136002095,,0,,,0.00129225615680892,,,1.8078503176668E-05,0,,0,,0.00533535803992785,0.00556297713337784,0.00202694314899326,0.00564469759243309,,,0.00848012665106902,0,1.2584666545346E-24,,,,,,,8.74320794437033E-05,0,,0,,0,,0,,,,0.00793188452526911,0,,1.43510198501999E-24,,,0,,,0.00183223543427366,,0,,,,0.000285033899896194,,0,,,,0
Biosynthesis of siderophore group nonribosomal peptides,,,0,,,,,0,,0,,,0,,0,,,,,,,,0,,,,,,0,0,,,,,0,,0,,,1.58306815100246E-16,,,,,,,,,1.51597155876231E-24,,0,,,,,,,,,,8.89175857719624E-35,,,,,0,,0,,,,,,,,
Nitrogen metabolism,,,0.362280726132049,,,0.9470912273114,,3.17891523297928E-17,,,0.910903407396594,,5.08690001276053E-17,,1.60213324879733E-18,,0.924473386384153,1.82573746240489E-17,,,1.02444242939122E-16,,0.880181876329152,7.1282244084443E-17,0.218044281027572,0.93873049656764,,,0.896098552293391,0.889651995725266,,0.957561845350783,,,0.906435078456474,,0.931604985506552,0.986713984088071,,0.192307808184849,,,,,1.15869494584867E-20,7.9956632481806E-20,,,,,0.850070895698877,,,,0.923704056167729,0,1.79902538921153E-19,6.81633248027145E-17,0.944033061595156,,,,0.943029674804587,1.09610151335703,2.35623869145603E-17,,0.749354233353299,,0.937087417007414,,,0.288655674202801,3.31748210137129E-16,,,
Selenoamino acid metabolism,,,0,,,0,,0,,,0,0,0,,1.13839652368671E-22,0,2.39152114826184E-16,0,,,0,,0,,0,0,,,0,0,0,0,,,0,,,0,0,0,0,0,,,0,,,0,0,,,0,,,0,,0,0,0,,0,,0,0,0,0,0,0,0,,0,0,0,,,
Butanoate metabolism,,,,,,0,116.76057866412,61.6308728408913,1.69979544601648E-17,182.641345985312,0,0,225.325012032901,29.9238144630095,1.87411334323058E-23,0,0,177.199417337473,,,84.733659261893,24.4583627611023,0,0,3.34248481093007,0,0,,0,0,,0,28.320227040986,0.0128643334018468,0,0,5.6741222148021,0,,89.830053994774,,,,79.2456327596044,6.2948503018805,,55.8132082794483,121.195504661261,77.1612867927692,,1.783739268871,58.564146439798,28.6991481986677,25.4216419871412,0,0,0,77.1646325149746,0,,74.6698370915285,3.2451163810275,0,0,72.8676510394105,75.6405689210302,39.7322323368143,46.0946332680093,0,213.706735633537,74.6418135190302,,64.5547015145619,,2.69510388564704E-20,198.416786478677
Squalene and cholesterol synthesis,,,,,,335.621536071517,0.00644895526734539,,,0.0311248300711495,,,211.702334843638,,394.037544672885,,393.162843877511,5.65791382677742E-17,,,,,497.335131113004,,0.0134857020951804,354.969869751548,224.786826077383,,309.271521658418,344.80135858933,,436.972086777677,,,322.432807966957,189.594305279017,0.000357780492510478,380.511048528564,327.011266807726,405.426845540695,,,,454.925634404829,174.877484078982,,463.459353866521,,0.159690678846067,,0.252704654200122,315.818195923024,,,473.678406858583,162.120871896709,352.209464090491,408.091454828284,345.879447620719,,0,0.0228396414276783,363.266203724956,,416.139454507117,0,,,465.552138556997,0.00268312061105609,426.603429984232,0,324.368157907692,,,
Ascorbate and aldarate metabolism,,,,,,,0,,,,,,0,,,,,0,,,,,,,0,,0,,,,,,,,,0,0,,,5.80883649149714E-16,,,,,0,,0,,0,,0,,,,,0,0,0,,,0,,,,,0,,,,,,0,,,,0
Stickland reaction,,,,,,,,1.6970235800163,,,,,,,,,,,,,,,,,,,,,,,,,,,,,,,,,,,,,,,,,,,,,,,,,,,,,,,,,,,2.96639792714873,,,,,,3.51359083656253,,,
Aminophosphonate Metabolism,,,,,,,,,,,,0,,,,0,1.60407615605845E-16,,,,,,0,,,,,,0,0,,,,,0,,,1.52055688819819E-16,,0,,,,,,,,0,,,,,,,0,,,,0,,,,,0,,,,,0,,,,,,,
Benzoate degradation,,,,,,,,,,,,,0,,,,,,,,0,,,,,,,,,,,,,,,,,,,5.01841106500586E-20,,,,,,,,,,,,,,,,,,,,,,,,,,,,,,,,,,,,
Carbon fixation in photosynthetic organisms,,,,,,,,,,,,,4.05787446604136,,,,,5.30916972780839,,,,,,,,,1.15353952750568,,,,,,,,,4.70521453030509,,,,,,,,,1.46061671813388,,1.45731908040314,,2.64429063156957,,2.5167214827483,,,,,3.3135513587796,,1.05426740457073,,,2.45325979613668,,,,,2.33153938274987,,,,,,2.28167664742927,,,,4.85834268565297
Naphthalene degradation,,,,,,,,,,,,,0,,2.09773078651682E-17,,,0,,,0,,,,4.10896818391843E-23,,,,,,,,,,,,,,,,,,,,0,,,,,,,,,0,,,0,,,,,,,,,,,,,,,,0,,,
Valerate metabolism,,,,,,,,,,,,,,,,,,,,,0.0137512434360721,,,,,,,,,,,,,,,,,,,,,,,,,,,,,,,,,,,,,,,,,,,,,,,,,,,,,,,
Heparan sulfate degradation,,,,,,,,,,,,,,,,,,,,,,,,,,,,,,,,0.587924138324502,,,,,,,,,,,,,,,,,,,,,,,,,,,1.17285593282438,,,,,,,,,,1.18104574770216,,,,,,,
Chondroitin sulfate degradation,,,,,,,,,,,,,,,,,,,,,,,,,,,,,,,,1.6446970334131,,,,,,2.99019705975007,,,,,,,,,,,,,,,,,,,,,2.06491323599898,,,,,,,4.48015150569093,,,1.75985026433508,,,,,,,
Hyaluronan metabolism,,,,,,,,,,,,,,,,,,,,,,,,,,,,,,,,4.47525886036603,,,,,10.3528516943902,6.29194680735111,,,,,,,,,,,,,,,,,,,,,5.72618381468889,,,,,,,,,,5.30637761727154,,,,,,,
Wood-Ljungdahl Pathway,,,,,,,,,,,,,,,,,,,,,,,,,,,,,,,,,,,,,,,,,,,,,,,,,,,,,,,,,,,,,,,,214.839356307714,,,,,,,,,,,,
