{
"apiVersion": "V2",
"assemblies": [
{
  "files": [
    {
      "filePath": "data_summary.tsv",
      "fileType": "DATA_TABLE",
      "uncompressedLengthBytes": "412"
    },
    {
      "filePath": "assembly_data_report.jsonl",
      "fileType": "DATA_REPORT",
      "uncompressedLengthBytes": "3930"
    }
  ]
},{
  "accession": "GCA_022305115.1",
  "files": [
    {
      "filePath": "GCA_022305115.1/genomic.gbff",
      "fileType": "GENBANK_FLAT_FILE",
      "uncompressedLengthBytes": "14258434"
    }
  ]
}]}
